ISO-10303-21;
HEADER;
FILE_DESCRIPTION(('FreeCAD Model'),'2;1');
FILE_NAME('Open CASCADE Shape Model','2026-05-23T00:41:13',('Author'),(
    ''),'Open CASCADE STEP processor 7.8','FreeCAD','Unknown');
FILE_SCHEMA(('AUTOMOTIVE_DESIGN { 1 0 10303 214 1 1 1 1 }'));
ENDSEC;
DATA;
#1 = APPLICATION_PROTOCOL_DEFINITION('international standard',
  'automotive_design',2000,#2);
#2 = APPLICATION_CONTEXT(
  'core data for automotive mechanical design processes');
#3 = SHAPE_DEFINITION_REPRESENTATION(#4,#10);
#4 = PRODUCT_DEFINITION_SHAPE('','',#5);
#5 = PRODUCT_DEFINITION('design','',#6,#9);
#6 = PRODUCT_DEFINITION_FORMATION('','',#7);
#7 = PRODUCT('Body','Body','',(#8));
#8 = PRODUCT_CONTEXT('',#2,'mechanical');
#9 = PRODUCT_DEFINITION_CONTEXT('part definition',#2,'design');
#10 = ADVANCED_BREP_SHAPE_REPRESENTATION('',(#11,#15),#4819);
#11 = AXIS2_PLACEMENT_3D('',#12,#13,#14);
#12 = CARTESIAN_POINT('',(0.,0.,0.));
#13 = DIRECTION('',(0.,0.,1.));
#14 = DIRECTION('',(1.,0.,-0.));
#15 = MANIFOLD_SOLID_BREP('',#16);
#16 = CLOSED_SHELL('',(#17,#57,#1242,#1267,#1292,#2461,#2478,#2495,#2512
    ,#2529,#2541,#2558,#2580,#2597,#2614,#2631,#2648,#2660,#2682,#2699,
    #2716,#2733,#2750,#2762,#2784,#2801,#2818,#2835,#2852,#2869,#2886,
    #2903,#2920,#2937,#2954,#2971,#2988,#3005,#3022,#3039,#3056,#3068,
    #3085,#3107,#3124,#3141,#3158,#3175,#3192,#3209,#3226,#3243,#3260,
    #3277,#3289,#3311,#3328,#3345,#3362,#3379,#3391,#3413,#3430,#3447,
    #3464,#3481,#3493,#3515,#3532,#3549,#3566,#3583,#3595,#3617,#3634,
    #3651,#3668,#3685,#3697,#3714,#3736,#3753,#3770,#3787,#3804,#3821,
    #3838,#3855,#3872,#3884,#3906,#3923,#3940,#3957,#3974,#3986,#4008,
    #4025,#4042,#4059,#4076,#4088,#4105,#4127,#4144,#4161,#4178,#4195,
    #4207,#4229,#4246,#4263,#4280,#4297,#4309,#4331,#4348,#4365,#4382,
    #4399,#4411,#4433,#4450,#4467,#4484,#4501,#4513,#4535,#4552,#4569,
    #4586,#4603,#4620,#4637,#4654,#4671,#4688,#4705,#4717,#4739,#4756,
    #4773,#4790,#4807));
#17 = ADVANCED_FACE('',(#18),#52,.F.);
#18 = FACE_BOUND('',#19,.F.);
#19 = EDGE_LOOP('',(#20,#30,#38,#46));
#20 = ORIENTED_EDGE('',*,*,#21,.F.);
#21 = EDGE_CURVE('',#22,#24,#26,.T.);
#22 = VERTEX_POINT('',#23);
#23 = CARTESIAN_POINT('',(211.,130.,0.));
#24 = VERTEX_POINT('',#25);
#25 = CARTESIAN_POINT('',(15.,130.,0.));
#26 = LINE('',#27,#28);
#27 = CARTESIAN_POINT('',(226.,130.,0.));
#28 = VECTOR('',#29,1.);
#29 = DIRECTION('',(-1.,0.,0.));
#30 = ORIENTED_EDGE('',*,*,#31,.T.);
#31 = EDGE_CURVE('',#22,#32,#34,.T.);
#32 = VERTEX_POINT('',#33);
#33 = CARTESIAN_POINT('',(211.,130.,1.9));
#34 = LINE('',#35,#36);
#35 = CARTESIAN_POINT('',(211.,130.,0.));
#36 = VECTOR('',#37,1.);
#37 = DIRECTION('',(0.,0.,1.));
#38 = ORIENTED_EDGE('',*,*,#39,.T.);
#39 = EDGE_CURVE('',#32,#40,#42,.T.);
#40 = VERTEX_POINT('',#41);
#41 = CARTESIAN_POINT('',(15.,130.,1.9));
#42 = LINE('',#43,#44);
#43 = CARTESIAN_POINT('',(226.,130.,1.9));
#44 = VECTOR('',#45,1.);
#45 = DIRECTION('',(-1.,0.,0.));
#46 = ORIENTED_EDGE('',*,*,#47,.F.);
#47 = EDGE_CURVE('',#24,#40,#48,.T.);
#48 = LINE('',#49,#50);
#49 = CARTESIAN_POINT('',(15.,130.,0.));
#50 = VECTOR('',#51,1.);
#51 = DIRECTION('',(0.,0.,1.));
#52 = PLANE('',#53);
#53 = AXIS2_PLACEMENT_3D('',#54,#55,#56);
#54 = CARTESIAN_POINT('',(226.,130.,0.));
#55 = DIRECTION('',(0.,-1.,0.));
#56 = DIRECTION('',(-1.,0.,0.));
#57 = ADVANCED_FACE('',(#58,#119,#130,#180,#230,#376,#387,#485,#535,#585
    ,#635,#685,#696,#778,#828,#878,#889,#939,#989,#1039,#1089,#1187),
  #1237,.F.);
#58 = FACE_BOUND('',#59,.F.);
#59 = EDGE_LOOP('',(#60,#61,#70,#78,#87,#95,#104,#112));
#60 = ORIENTED_EDGE('',*,*,#21,.T.);
#61 = ORIENTED_EDGE('',*,*,#62,.T.);
#62 = EDGE_CURVE('',#24,#63,#65,.T.);
#63 = VERTEX_POINT('',#64);
#64 = CARTESIAN_POINT('',(-3.552713678801E-15,115.,0.));
#65 = CIRCLE('',#66,15.);
#66 = AXIS2_PLACEMENT_3D('',#67,#68,#69);
#67 = CARTESIAN_POINT('',(15.,115.,0.));
#68 = DIRECTION('',(-0.,0.,1.));
#69 = DIRECTION('',(0.,-1.,0.));
#70 = ORIENTED_EDGE('',*,*,#71,.T.);
#71 = EDGE_CURVE('',#63,#72,#74,.T.);
#72 = VERTEX_POINT('',#73);
#73 = CARTESIAN_POINT('',(-3.552713678801E-15,15.,0.));
#74 = LINE('',#75,#76);
#75 = CARTESIAN_POINT('',(0.,130.,0.));
#76 = VECTOR('',#77,1.);
#77 = DIRECTION('',(0.,-1.,0.));
#78 = ORIENTED_EDGE('',*,*,#79,.T.);
#79 = EDGE_CURVE('',#72,#80,#82,.T.);
#80 = VERTEX_POINT('',#81);
#81 = CARTESIAN_POINT('',(15.,-3.552713678801E-15,0.));
#82 = CIRCLE('',#83,15.);
#83 = AXIS2_PLACEMENT_3D('',#84,#85,#86);
#84 = CARTESIAN_POINT('',(15.,15.,0.));
#85 = DIRECTION('',(-0.,0.,1.));
#86 = DIRECTION('',(0.,-1.,0.));
#87 = ORIENTED_EDGE('',*,*,#88,.T.);
#88 = EDGE_CURVE('',#80,#89,#91,.T.);
#89 = VERTEX_POINT('',#90);
#90 = CARTESIAN_POINT('',(211.,-3.552713678801E-15,0.));
#91 = LINE('',#92,#93);
#92 = CARTESIAN_POINT('',(0.,0.,0.));
#93 = VECTOR('',#94,1.);
#94 = DIRECTION('',(1.,0.,0.));
#95 = ORIENTED_EDGE('',*,*,#96,.T.);
#96 = EDGE_CURVE('',#89,#97,#99,.T.);
#97 = VERTEX_POINT('',#98);
#98 = CARTESIAN_POINT('',(226.,15.,0.));
#99 = CIRCLE('',#100,15.);
#100 = AXIS2_PLACEMENT_3D('',#101,#102,#103);
#101 = CARTESIAN_POINT('',(211.,15.,0.));
#102 = DIRECTION('',(-0.,0.,1.));
#103 = DIRECTION('',(0.,-1.,0.));
#104 = ORIENTED_EDGE('',*,*,#105,.F.);
#105 = EDGE_CURVE('',#106,#97,#108,.T.);
#106 = VERTEX_POINT('',#107);
#107 = CARTESIAN_POINT('',(226.,115.,0.));
#108 = LINE('',#109,#110);
#109 = CARTESIAN_POINT('',(226.,130.,0.));
#110 = VECTOR('',#111,1.);
#111 = DIRECTION('',(0.,-1.,0.));
#112 = ORIENTED_EDGE('',*,*,#113,.F.);
#113 = EDGE_CURVE('',#22,#106,#114,.T.);
#114 = CIRCLE('',#115,15.);
#115 = AXIS2_PLACEMENT_3D('',#116,#117,#118);
#116 = CARTESIAN_POINT('',(211.,115.,0.));
#117 = DIRECTION('',(-0.,-0.,-1.));
#118 = DIRECTION('',(0.,-1.,0.));
#119 = FACE_BOUND('',#120,.F.);
#120 = EDGE_LOOP('',(#121));
#121 = ORIENTED_EDGE('',*,*,#122,.F.);
#122 = EDGE_CURVE('',#123,#123,#125,.T.);
#123 = VERTEX_POINT('',#124);
#124 = CARTESIAN_POINT('',(15.1,13.,0.));
#125 = CIRCLE('',#126,2.1);
#126 = AXIS2_PLACEMENT_3D('',#127,#128,#129);
#127 = CARTESIAN_POINT('',(13.,13.,0.));
#128 = DIRECTION('',(0.,0.,1.));
#129 = DIRECTION('',(1.,0.,0.));
#130 = FACE_BOUND('',#131,.F.);
#131 = EDGE_LOOP('',(#132,#142,#150,#158,#166,#174));
#132 = ORIENTED_EDGE('',*,*,#133,.F.);
#133 = EDGE_CURVE('',#134,#136,#138,.T.);
#134 = VERTEX_POINT('',#135);
#135 = CARTESIAN_POINT('',(109.370711,21.899996,0.));
#136 = VERTEX_POINT('',#137);
#137 = CARTESIAN_POINT('',(95.570711,21.899996,0.));
#138 = LINE('',#139,#140);
#139 = CARTESIAN_POINT('',(109.370711,21.899996,0.));
#140 = VECTOR('',#141,1.);
#141 = DIRECTION('',(-1.,0.,0.));
#142 = ORIENTED_EDGE('',*,*,#143,.T.);
#143 = EDGE_CURVE('',#134,#144,#146,.T.);
#144 = VERTEX_POINT('',#145);
#145 = CARTESIAN_POINT('',(109.370711,6.099996,0.));
#146 = LINE('',#147,#148);
#147 = CARTESIAN_POINT('',(109.370711,8.099996,0.));
#148 = VECTOR('',#149,1.);
#149 = DIRECTION('',(0.,-1.,0.));
#150 = ORIENTED_EDGE('',*,*,#151,.T.);
#151 = EDGE_CURVE('',#144,#152,#154,.T.);
#152 = VERTEX_POINT('',#153);
#153 = CARTESIAN_POINT('',(91.770711,6.099996,0.));
#154 = LINE('',#155,#156);
#155 = CARTESIAN_POINT('',(109.370711,6.099996,0.));
#156 = VECTOR('',#157,1.);
#157 = DIRECTION('',(-1.,0.,0.));
#158 = ORIENTED_EDGE('',*,*,#159,.T.);
#159 = EDGE_CURVE('',#152,#160,#162,.T.);
#160 = VERTEX_POINT('',#161);
#161 = CARTESIAN_POINT('',(91.770711,15.499996,0.));
#162 = LINE('',#163,#164);
#163 = CARTESIAN_POINT('',(91.770711,6.099996,0.));
#164 = VECTOR('',#165,1.);
#165 = DIRECTION('',(0.,1.,0.));
#166 = ORIENTED_EDGE('',*,*,#167,.T.);
#167 = EDGE_CURVE('',#160,#168,#170,.T.);
#168 = VERTEX_POINT('',#169);
#169 = CARTESIAN_POINT('',(95.570711,15.499996,0.));
#170 = LINE('',#171,#172);
#171 = CARTESIAN_POINT('',(91.770711,15.499996,0.));
#172 = VECTOR('',#173,1.);
#173 = DIRECTION('',(1.,0.,0.));
#174 = ORIENTED_EDGE('',*,*,#175,.F.);
#175 = EDGE_CURVE('',#136,#168,#176,.T.);
#176 = LINE('',#177,#178);
#177 = CARTESIAN_POINT('',(95.570711,21.899996,0.));
#178 = VECTOR('',#179,1.);
#179 = DIRECTION('',(0.,-1.,0.));
#180 = FACE_BOUND('',#181,.F.);
#181 = EDGE_LOOP('',(#182,#192,#200,#208,#216,#224));
#182 = ORIENTED_EDGE('',*,*,#183,.T.);
#183 = EDGE_CURVE('',#184,#186,#188,.T.);
#184 = VERTEX_POINT('',#185);
#185 = CARTESIAN_POINT('',(94.170711,37.1,0.));
#186 = VERTEX_POINT('',#187);
#187 = CARTESIAN_POINT('',(94.170711,21.3,0.));
#188 = LINE('',#189,#190);
#189 = CARTESIAN_POINT('',(94.170711,23.3,0.));
#190 = VECTOR('',#191,1.);
#191 = DIRECTION('',(0.,-1.,0.));
#192 = ORIENTED_EDGE('',*,*,#193,.T.);
#193 = EDGE_CURVE('',#186,#194,#196,.T.);
#194 = VERTEX_POINT('',#195);
#195 = CARTESIAN_POINT('',(76.570711,21.3,0.));
#196 = LINE('',#197,#198);
#197 = CARTESIAN_POINT('',(94.170711,21.3,0.));
#198 = VECTOR('',#199,1.);
#199 = DIRECTION('',(-1.,0.,0.));
#200 = ORIENTED_EDGE('',*,*,#201,.T.);
#201 = EDGE_CURVE('',#194,#202,#204,.T.);
#202 = VERTEX_POINT('',#203);
#203 = CARTESIAN_POINT('',(76.570711,30.7,0.));
#204 = LINE('',#205,#206);
#205 = CARTESIAN_POINT('',(76.570711,21.3,0.));
#206 = VECTOR('',#207,1.);
#207 = DIRECTION('',(0.,1.,0.));
#208 = ORIENTED_EDGE('',*,*,#209,.T.);
#209 = EDGE_CURVE('',#202,#210,#212,.T.);
#210 = VERTEX_POINT('',#211);
#211 = CARTESIAN_POINT('',(80.370711,30.7,0.));
#212 = LINE('',#213,#214);
#213 = CARTESIAN_POINT('',(76.570711,30.7,0.));
#214 = VECTOR('',#215,1.);
#215 = DIRECTION('',(1.,0.,0.));
#216 = ORIENTED_EDGE('',*,*,#217,.F.);
#217 = EDGE_CURVE('',#218,#210,#220,.T.);
#218 = VERTEX_POINT('',#219);
#219 = CARTESIAN_POINT('',(80.370711,37.1,0.));
#220 = LINE('',#221,#222);
#221 = CARTESIAN_POINT('',(80.370711,37.1,0.));
#222 = VECTOR('',#223,1.);
#223 = DIRECTION('',(0.,-1.,0.));
#224 = ORIENTED_EDGE('',*,*,#225,.F.);
#225 = EDGE_CURVE('',#184,#218,#226,.T.);
#226 = LINE('',#227,#228);
#227 = CARTESIAN_POINT('',(94.170711,37.1,0.));
#228 = VECTOR('',#229,1.);
#229 = DIRECTION('',(-1.,0.,0.));
#230 = FACE_BOUND('',#231,.F.);
#231 = EDGE_LOOP('',(#232,#242,#250,#258,#266,#274,#282,#290,#298,#306,
    #314,#322,#330,#338,#346,#354,#362,#370));
#232 = ORIENTED_EDGE('',*,*,#233,.F.);
#233 = EDGE_CURVE('',#234,#236,#238,.T.);
#234 = VERTEX_POINT('',#235);
#235 = CARTESIAN_POINT('',(161.770711,52.299996,0.));
#236 = VERTEX_POINT('',#237);
#237 = CARTESIAN_POINT('',(147.970711,52.299996,0.));
#238 = LINE('',#239,#240);
#239 = CARTESIAN_POINT('',(161.770711,52.299996,0.));
#240 = VECTOR('',#241,1.);
#241 = DIRECTION('',(-1.,0.,0.));
#242 = ORIENTED_EDGE('',*,*,#243,.T.);
#243 = EDGE_CURVE('',#234,#244,#246,.T.);
#244 = VERTEX_POINT('',#245);
#245 = CARTESIAN_POINT('',(161.770711,36.499996,0.));
#246 = LINE('',#247,#248);
#247 = CARTESIAN_POINT('',(161.770711,38.499996,0.));
#248 = VECTOR('',#249,1.);
#249 = DIRECTION('',(0.,-1.,0.));
#250 = ORIENTED_EDGE('',*,*,#251,.F.);
#251 = EDGE_CURVE('',#252,#244,#254,.T.);
#252 = VERTEX_POINT('',#253);
#253 = CARTESIAN_POINT('',(146.570711,36.499996,0.));
#254 = LINE('',#255,#256);
#255 = CARTESIAN_POINT('',(146.570711,36.499996,0.));
#256 = VECTOR('',#257,1.);
#257 = DIRECTION('',(1.,0.,0.));
#258 = ORIENTED_EDGE('',*,*,#259,.T.);
#259 = EDGE_CURVE('',#252,#260,#262,.T.);
#260 = VERTEX_POINT('',#261);
#261 = CARTESIAN_POINT('',(146.570711,21.299996,0.));
#262 = LINE('',#263,#264);
#263 = CARTESIAN_POINT('',(146.570711,23.299996,0.));
#264 = VECTOR('',#265,1.);
#265 = DIRECTION('',(0.,-1.,0.));
#266 = ORIENTED_EDGE('',*,*,#267,.F.);
#267 = EDGE_CURVE('',#268,#260,#270,.T.);
#268 = VERTEX_POINT('',#269);
#269 = CARTESIAN_POINT('',(131.370711,21.299996,0.));
#270 = LINE('',#271,#272);
#271 = CARTESIAN_POINT('',(131.370711,21.299996,0.));
#272 = VECTOR('',#273,1.);
#273 = DIRECTION('',(1.,0.,0.));
#274 = ORIENTED_EDGE('',*,*,#275,.T.);
#275 = EDGE_CURVE('',#268,#276,#278,.T.);
#276 = VERTEX_POINT('',#277);
#277 = CARTESIAN_POINT('',(131.370711,6.099996,0.));
#278 = LINE('',#279,#280);
#279 = CARTESIAN_POINT('',(131.370711,8.099996,0.));
#280 = VECTOR('',#281,1.);
#281 = DIRECTION('',(0.,-1.,0.));
#282 = ORIENTED_EDGE('',*,*,#283,.F.);
#283 = EDGE_CURVE('',#284,#276,#286,.T.);
#284 = VERTEX_POINT('',#285);
#285 = CARTESIAN_POINT('',(113.770711,6.099996,0.));
#286 = LINE('',#287,#288);
#287 = CARTESIAN_POINT('',(113.770711,6.099996,0.));
#288 = VECTOR('',#289,1.);
#289 = DIRECTION('',(1.,0.,0.));
#290 = ORIENTED_EDGE('',*,*,#291,.F.);
#291 = EDGE_CURVE('',#292,#284,#294,.T.);
#292 = VERTEX_POINT('',#293);
#293 = CARTESIAN_POINT('',(113.770711,15.499996,0.));
#294 = LINE('',#295,#296);
#295 = CARTESIAN_POINT('',(113.770711,15.499996,0.));
#296 = VECTOR('',#297,1.);
#297 = DIRECTION('',(0.,-1.,0.));
#298 = ORIENTED_EDGE('',*,*,#299,.F.);
#299 = EDGE_CURVE('',#300,#292,#302,.T.);
#300 = VERTEX_POINT('',#301);
#301 = CARTESIAN_POINT('',(117.570711,15.499996,0.));
#302 = LINE('',#303,#304);
#303 = CARTESIAN_POINT('',(117.570711,15.499996,0.));
#304 = VECTOR('',#305,1.);
#305 = DIRECTION('',(-1.,0.,0.));
#306 = ORIENTED_EDGE('',*,*,#307,.F.);
#307 = EDGE_CURVE('',#308,#300,#310,.T.);
#308 = VERTEX_POINT('',#309);
#309 = CARTESIAN_POINT('',(117.570711,21.899996,0.));
#310 = LINE('',#311,#312);
#311 = CARTESIAN_POINT('',(117.570711,21.899996,0.));
#312 = VECTOR('',#313,1.);
#313 = DIRECTION('',(0.,-1.,0.));
#314 = ORIENTED_EDGE('',*,*,#315,.F.);
#315 = EDGE_CURVE('',#316,#308,#318,.T.);
#316 = VERTEX_POINT('',#317);
#317 = CARTESIAN_POINT('',(128.970711,21.899996,0.));
#318 = LINE('',#319,#320);
#319 = CARTESIAN_POINT('',(128.970711,21.899996,0.));
#320 = VECTOR('',#321,1.);
#321 = DIRECTION('',(-1.,0.,0.));
#322 = ORIENTED_EDGE('',*,*,#323,.F.);
#323 = EDGE_CURVE('',#324,#316,#326,.T.);
#324 = VERTEX_POINT('',#325);
#325 = CARTESIAN_POINT('',(128.970711,30.699996,0.));
#326 = LINE('',#327,#328);
#327 = CARTESIAN_POINT('',(128.970711,30.699996,0.));
#328 = VECTOR('',#329,1.);
#329 = DIRECTION('',(0.,-1.,0.));
#330 = ORIENTED_EDGE('',*,*,#331,.F.);
#331 = EDGE_CURVE('',#332,#324,#334,.T.);
#332 = VERTEX_POINT('',#333);
#333 = CARTESIAN_POINT('',(132.770711,30.699996,0.));
#334 = LINE('',#335,#336);
#335 = CARTESIAN_POINT('',(132.770711,30.699996,0.));
#336 = VECTOR('',#337,1.);
#337 = DIRECTION('',(-1.,0.,0.));
#338 = ORIENTED_EDGE('',*,*,#339,.F.);
#339 = EDGE_CURVE('',#340,#332,#342,.T.);
#340 = VERTEX_POINT('',#341);
#341 = CARTESIAN_POINT('',(132.770711,37.099996,0.));
#342 = LINE('',#343,#344);
#343 = CARTESIAN_POINT('',(132.770711,37.099996,0.));
#344 = VECTOR('',#345,1.);
#345 = DIRECTION('',(0.,-1.,0.));
#346 = ORIENTED_EDGE('',*,*,#347,.F.);
#347 = EDGE_CURVE('',#348,#340,#350,.T.);
#348 = VERTEX_POINT('',#349);
#349 = CARTESIAN_POINT('',(144.170711,37.099996,0.));
#350 = LINE('',#351,#352);
#351 = CARTESIAN_POINT('',(144.170711,37.099996,0.));
#352 = VECTOR('',#353,1.);
#353 = DIRECTION('',(-1.,0.,0.));
#354 = ORIENTED_EDGE('',*,*,#355,.F.);
#355 = EDGE_CURVE('',#356,#348,#358,.T.);
#356 = VERTEX_POINT('',#357);
#357 = CARTESIAN_POINT('',(144.170711,45.899996,0.));
#358 = LINE('',#359,#360);
#359 = CARTESIAN_POINT('',(144.170711,45.899996,0.));
#360 = VECTOR('',#361,1.);
#361 = DIRECTION('',(0.,-1.,0.));
#362 = ORIENTED_EDGE('',*,*,#363,.F.);
#363 = EDGE_CURVE('',#364,#356,#366,.T.);
#364 = VERTEX_POINT('',#365);
#365 = CARTESIAN_POINT('',(147.970711,45.899996,0.));
#366 = LINE('',#367,#368);
#367 = CARTESIAN_POINT('',(147.970711,45.899996,0.));
#368 = VECTOR('',#369,1.);
#369 = DIRECTION('',(-1.,0.,0.));
#370 = ORIENTED_EDGE('',*,*,#371,.F.);
#371 = EDGE_CURVE('',#236,#364,#372,.T.);
#372 = LINE('',#373,#374);
#373 = CARTESIAN_POINT('',(147.970711,52.299996,0.));
#374 = VECTOR('',#375,1.);
#375 = DIRECTION('',(0.,-1.,0.));
#376 = FACE_BOUND('',#377,.F.);
#377 = EDGE_LOOP('',(#378));
#378 = ORIENTED_EDGE('',*,*,#379,.F.);
#379 = EDGE_CURVE('',#380,#380,#382,.T.);
#380 = VERTEX_POINT('',#381);
#381 = CARTESIAN_POINT('',(215.1,13.,0.));
#382 = CIRCLE('',#383,2.1);
#383 = AXIS2_PLACEMENT_3D('',#384,#385,#386);
#384 = CARTESIAN_POINT('',(213.,13.,0.));
#385 = DIRECTION('',(0.,0.,1.));
#386 = DIRECTION('',(1.,0.,0.));
#387 = FACE_BOUND('',#388,.F.);
#388 = EDGE_LOOP('',(#389,#399,#407,#415,#423,#431,#439,#447,#455,#463,
    #471,#479));
#389 = ORIENTED_EDGE('',*,*,#390,.F.);
#390 = EDGE_CURVE('',#391,#393,#395,.T.);
#391 = VERTEX_POINT('',#392);
#392 = CARTESIAN_POINT('',(141.570711,59.999996,0.));
#393 = VERTEX_POINT('',#394);
#394 = CARTESIAN_POINT('',(127.770711,59.999996,0.));
#395 = LINE('',#396,#397);
#396 = CARTESIAN_POINT('',(141.570711,59.999996,0.));
#397 = VECTOR('',#398,1.);
#398 = DIRECTION('',(-1.,0.,0.));
#399 = ORIENTED_EDGE('',*,*,#400,.T.);
#400 = EDGE_CURVE('',#391,#401,#403,.T.);
#401 = VERTEX_POINT('',#402);
#402 = CARTESIAN_POINT('',(141.570711,44.199996,0.));
#403 = LINE('',#404,#405);
#404 = CARTESIAN_POINT('',(141.570711,46.199996,0.));
#405 = VECTOR('',#406,1.);
#406 = DIRECTION('',(0.,-1.,0.));
#407 = ORIENTED_EDGE('',*,*,#408,.F.);
#408 = EDGE_CURVE('',#409,#401,#411,.T.);
#409 = VERTEX_POINT('',#410);
#410 = CARTESIAN_POINT('',(126.370711,44.199996,0.));
#411 = LINE('',#412,#413);
#412 = CARTESIAN_POINT('',(126.370711,44.199996,0.));
#413 = VECTOR('',#414,1.);
#414 = DIRECTION('',(1.,0.,0.));
#415 = ORIENTED_EDGE('',*,*,#416,.T.);
#416 = EDGE_CURVE('',#409,#417,#419,.T.);
#417 = VERTEX_POINT('',#418);
#418 = CARTESIAN_POINT('',(126.370711,28.999996,0.));
#419 = LINE('',#420,#421);
#420 = CARTESIAN_POINT('',(126.370711,30.999996,0.));
#421 = VECTOR('',#422,1.);
#422 = DIRECTION('',(0.,-1.,0.));
#423 = ORIENTED_EDGE('',*,*,#424,.F.);
#424 = EDGE_CURVE('',#425,#417,#427,.T.);
#425 = VERTEX_POINT('',#426);
#426 = CARTESIAN_POINT('',(108.770711,28.999996,0.));
#427 = LINE('',#428,#429);
#428 = CARTESIAN_POINT('',(108.770711,28.999996,0.));
#429 = VECTOR('',#430,1.);
#430 = DIRECTION('',(1.,0.,0.));
#431 = ORIENTED_EDGE('',*,*,#432,.F.);
#432 = EDGE_CURVE('',#433,#425,#435,.T.);
#433 = VERTEX_POINT('',#434);
#434 = CARTESIAN_POINT('',(108.770711,38.399996,0.));
#435 = LINE('',#436,#437);
#436 = CARTESIAN_POINT('',(108.770711,38.399996,0.));
#437 = VECTOR('',#438,1.);
#438 = DIRECTION('',(0.,-1.,0.));
#439 = ORIENTED_EDGE('',*,*,#440,.F.);
#440 = EDGE_CURVE('',#441,#433,#443,.T.);
#441 = VERTEX_POINT('',#442);
#442 = CARTESIAN_POINT('',(112.570711,38.399996,0.));
#443 = LINE('',#444,#445);
#444 = CARTESIAN_POINT('',(112.570711,38.399996,0.));
#445 = VECTOR('',#446,1.);
#446 = DIRECTION('',(-1.,0.,0.));
#447 = ORIENTED_EDGE('',*,*,#448,.F.);
#448 = EDGE_CURVE('',#449,#441,#451,.T.);
#449 = VERTEX_POINT('',#450);
#450 = CARTESIAN_POINT('',(112.570711,44.799996,0.));
#451 = LINE('',#452,#453);
#452 = CARTESIAN_POINT('',(112.570711,44.799996,0.));
#453 = VECTOR('',#454,1.);
#454 = DIRECTION('',(0.,-1.,0.));
#455 = ORIENTED_EDGE('',*,*,#456,.F.);
#456 = EDGE_CURVE('',#457,#449,#459,.T.);
#457 = VERTEX_POINT('',#458);
#458 = CARTESIAN_POINT('',(123.970711,44.799996,0.));
#459 = LINE('',#460,#461);
#460 = CARTESIAN_POINT('',(123.970711,44.799996,0.));
#461 = VECTOR('',#462,1.);
#462 = DIRECTION('',(-1.,0.,0.));
#463 = ORIENTED_EDGE('',*,*,#464,.F.);
#464 = EDGE_CURVE('',#465,#457,#467,.T.);
#465 = VERTEX_POINT('',#466);
#466 = CARTESIAN_POINT('',(123.970711,53.599996,0.));
#467 = LINE('',#468,#469);
#468 = CARTESIAN_POINT('',(123.970711,53.599996,0.));
#469 = VECTOR('',#470,1.);
#470 = DIRECTION('',(0.,-1.,0.));
#471 = ORIENTED_EDGE('',*,*,#472,.F.);
#472 = EDGE_CURVE('',#473,#465,#475,.T.);
#473 = VERTEX_POINT('',#474);
#474 = CARTESIAN_POINT('',(127.770711,53.599996,0.));
#475 = LINE('',#476,#477);
#476 = CARTESIAN_POINT('',(127.770711,53.599996,0.));
#477 = VECTOR('',#478,1.);
#478 = DIRECTION('',(-1.,0.,0.));
#479 = ORIENTED_EDGE('',*,*,#480,.F.);
#480 = EDGE_CURVE('',#393,#473,#481,.T.);
#481 = LINE('',#482,#483);
#482 = CARTESIAN_POINT('',(127.770711,59.999996,0.));
#483 = VECTOR('',#484,1.);
#484 = DIRECTION('',(0.,-1.,0.));
#485 = FACE_BOUND('',#486,.F.);
#486 = EDGE_LOOP('',(#487,#497,#505,#513,#521,#529));
#487 = ORIENTED_EDGE('',*,*,#488,.F.);
#488 = EDGE_CURVE('',#489,#491,#493,.T.);
#489 = VERTEX_POINT('',#490);
#490 = CARTESIAN_POINT('',(8.07,89.5,0.));
#491 = VERTEX_POINT('',#492);
#492 = CARTESIAN_POINT('',(4.27,89.5,0.));
#493 = LINE('',#494,#495);
#494 = CARTESIAN_POINT('',(8.07,89.5,0.));
#495 = VECTOR('',#496,1.);
#496 = DIRECTION('',(-1.,0.,0.));
#497 = ORIENTED_EDGE('',*,*,#498,.T.);
#498 = EDGE_CURVE('',#489,#499,#501,.T.);
#499 = VERTEX_POINT('',#500);
#500 = CARTESIAN_POINT('',(8.07,95.9,0.));
#501 = LINE('',#502,#503);
#502 = CARTESIAN_POINT('',(8.07,89.5,0.));
#503 = VECTOR('',#504,1.);
#504 = DIRECTION('',(0.,1.,0.));
#505 = ORIENTED_EDGE('',*,*,#506,.T.);
#506 = EDGE_CURVE('',#499,#507,#509,.T.);
#507 = VERTEX_POINT('',#508);
#508 = CARTESIAN_POINT('',(21.87,95.9,0.));
#509 = LINE('',#510,#511);
#510 = CARTESIAN_POINT('',(8.07,95.9,0.));
#511 = VECTOR('',#512,1.);
#512 = DIRECTION('',(1.,0.,0.));
#513 = ORIENTED_EDGE('',*,*,#514,.T.);
#514 = EDGE_CURVE('',#507,#515,#517,.T.);
#515 = VERTEX_POINT('',#516);
#516 = CARTESIAN_POINT('',(21.87,80.1,0.));
#517 = LINE('',#518,#519);
#518 = CARTESIAN_POINT('',(21.87,82.1,0.));
#519 = VECTOR('',#520,1.);
#520 = DIRECTION('',(0.,-1.,0.));
#521 = ORIENTED_EDGE('',*,*,#522,.F.);
#522 = EDGE_CURVE('',#523,#515,#525,.T.);
#523 = VERTEX_POINT('',#524);
#524 = CARTESIAN_POINT('',(4.27,80.1,0.));
#525 = LINE('',#526,#527);
#526 = CARTESIAN_POINT('',(4.27,80.1,0.));
#527 = VECTOR('',#528,1.);
#528 = DIRECTION('',(1.,0.,0.));
#529 = ORIENTED_EDGE('',*,*,#530,.F.);
#530 = EDGE_CURVE('',#491,#523,#531,.T.);
#531 = LINE('',#532,#533);
#532 = CARTESIAN_POINT('',(4.27,89.5,0.));
#533 = VECTOR('',#534,1.);
#534 = DIRECTION('',(0.,-1.,0.));
#535 = FACE_BOUND('',#536,.F.);
#536 = EDGE_LOOP('',(#537,#547,#555,#563,#571,#579));
#537 = ORIENTED_EDGE('',*,*,#538,.F.);
#538 = EDGE_CURVE('',#539,#541,#543,.T.);
#539 = VERTEX_POINT('',#540);
#540 = CARTESIAN_POINT('',(29.07,94.5,0.));
#541 = VERTEX_POINT('',#542);
#542 = CARTESIAN_POINT('',(25.27,94.5,0.));
#543 = LINE('',#544,#545);
#544 = CARTESIAN_POINT('',(29.07,94.5,0.));
#545 = VECTOR('',#546,1.);
#546 = DIRECTION('',(-1.,0.,0.));
#547 = ORIENTED_EDGE('',*,*,#548,.T.);
#548 = EDGE_CURVE('',#539,#549,#551,.T.);
#549 = VERTEX_POINT('',#550);
#550 = CARTESIAN_POINT('',(29.07,100.9,0.));
#551 = LINE('',#552,#553);
#552 = CARTESIAN_POINT('',(29.07,94.5,0.));
#553 = VECTOR('',#554,1.);
#554 = DIRECTION('',(0.,1.,0.));
#555 = ORIENTED_EDGE('',*,*,#556,.T.);
#556 = EDGE_CURVE('',#549,#557,#559,.T.);
#557 = VERTEX_POINT('',#558);
#558 = CARTESIAN_POINT('',(42.87,100.9,0.));
#559 = LINE('',#560,#561);
#560 = CARTESIAN_POINT('',(29.07,100.9,0.));
#561 = VECTOR('',#562,1.);
#562 = DIRECTION('',(1.,0.,0.));
#563 = ORIENTED_EDGE('',*,*,#564,.T.);
#564 = EDGE_CURVE('',#557,#565,#567,.T.);
#565 = VERTEX_POINT('',#566);
#566 = CARTESIAN_POINT('',(42.87,85.1,0.));
#567 = LINE('',#568,#569);
#568 = CARTESIAN_POINT('',(42.87,87.1,0.));
#569 = VECTOR('',#570,1.);
#570 = DIRECTION('',(0.,-1.,0.));
#571 = ORIENTED_EDGE('',*,*,#572,.F.);
#572 = EDGE_CURVE('',#573,#565,#575,.T.);
#573 = VERTEX_POINT('',#574);
#574 = CARTESIAN_POINT('',(25.27,85.1,0.));
#575 = LINE('',#576,#577);
#576 = CARTESIAN_POINT('',(25.27,85.1,0.));
#577 = VECTOR('',#578,1.);
#578 = DIRECTION('',(1.,0.,0.));
#579 = ORIENTED_EDGE('',*,*,#580,.F.);
#580 = EDGE_CURVE('',#541,#573,#581,.T.);
#581 = LINE('',#582,#583);
#582 = CARTESIAN_POINT('',(25.27,94.5,0.));
#583 = VECTOR('',#584,1.);
#584 = DIRECTION('',(0.,-1.,0.));
#585 = FACE_BOUND('',#586,.F.);
#586 = EDGE_LOOP('',(#587,#597,#605,#613,#621,#629));
#587 = ORIENTED_EDGE('',*,*,#588,.F.);
#588 = EDGE_CURVE('',#589,#591,#593,.T.);
#589 = VERTEX_POINT('',#590);
#590 = CARTESIAN_POINT('',(50.57,94.5,0.));
#591 = VERTEX_POINT('',#592);
#592 = CARTESIAN_POINT('',(46.77,94.5,0.));
#593 = LINE('',#594,#595);
#594 = CARTESIAN_POINT('',(50.57,94.5,0.));
#595 = VECTOR('',#596,1.);
#596 = DIRECTION('',(-1.,0.,0.));
#597 = ORIENTED_EDGE('',*,*,#598,.T.);
#598 = EDGE_CURVE('',#589,#599,#601,.T.);
#599 = VERTEX_POINT('',#600);
#600 = CARTESIAN_POINT('',(50.57,100.9,0.));
#601 = LINE('',#602,#603);
#602 = CARTESIAN_POINT('',(50.57,94.5,0.));
#603 = VECTOR('',#604,1.);
#604 = DIRECTION('',(0.,1.,0.));
#605 = ORIENTED_EDGE('',*,*,#606,.T.);
#606 = EDGE_CURVE('',#599,#607,#609,.T.);
#607 = VERTEX_POINT('',#608);
#608 = CARTESIAN_POINT('',(64.37,100.9,0.));
#609 = LINE('',#610,#611);
#610 = CARTESIAN_POINT('',(50.57,100.9,0.));
#611 = VECTOR('',#612,1.);
#612 = DIRECTION('',(1.,0.,0.));
#613 = ORIENTED_EDGE('',*,*,#614,.T.);
#614 = EDGE_CURVE('',#607,#615,#617,.T.);
#615 = VERTEX_POINT('',#616);
#616 = CARTESIAN_POINT('',(64.37,85.1,0.));
#617 = LINE('',#618,#619);
#618 = CARTESIAN_POINT('',(64.37,87.1,0.));
#619 = VECTOR('',#620,1.);
#620 = DIRECTION('',(0.,-1.,0.));
#621 = ORIENTED_EDGE('',*,*,#622,.F.);
#622 = EDGE_CURVE('',#623,#615,#625,.T.);
#623 = VERTEX_POINT('',#624);
#624 = CARTESIAN_POINT('',(46.77,85.1,0.));
#625 = LINE('',#626,#627);
#626 = CARTESIAN_POINT('',(46.77,85.1,0.));
#627 = VECTOR('',#628,1.);
#628 = DIRECTION('',(1.,0.,0.));
#629 = ORIENTED_EDGE('',*,*,#630,.F.);
#630 = EDGE_CURVE('',#591,#623,#631,.T.);
#631 = LINE('',#632,#633);
#632 = CARTESIAN_POINT('',(46.77,94.5,0.));
#633 = VECTOR('',#634,1.);
#634 = DIRECTION('',(0.,-1.,0.));
#635 = FACE_BOUND('',#636,.F.);
#636 = EDGE_LOOP('',(#637,#647,#655,#663,#671,#679));
#637 = ORIENTED_EDGE('',*,*,#638,.F.);
#638 = EDGE_CURVE('',#639,#641,#643,.T.);
#639 = VERTEX_POINT('',#640);
#640 = CARTESIAN_POINT('',(69.57,84.5,0.));
#641 = VERTEX_POINT('',#642);
#642 = CARTESIAN_POINT('',(65.77,84.5,0.));
#643 = LINE('',#644,#645);
#644 = CARTESIAN_POINT('',(69.57,84.5,0.));
#645 = VECTOR('',#646,1.);
#646 = DIRECTION('',(-1.,0.,0.));
#647 = ORIENTED_EDGE('',*,*,#648,.T.);
#648 = EDGE_CURVE('',#639,#649,#651,.T.);
#649 = VERTEX_POINT('',#650);
#650 = CARTESIAN_POINT('',(69.57,90.9,0.));
#651 = LINE('',#652,#653);
#652 = CARTESIAN_POINT('',(69.57,84.5,0.));
#653 = VECTOR('',#654,1.);
#654 = DIRECTION('',(0.,1.,0.));
#655 = ORIENTED_EDGE('',*,*,#656,.T.);
#656 = EDGE_CURVE('',#649,#657,#659,.T.);
#657 = VERTEX_POINT('',#658);
#658 = CARTESIAN_POINT('',(83.37,90.9,0.));
#659 = LINE('',#660,#661);
#660 = CARTESIAN_POINT('',(69.57,90.9,0.));
#661 = VECTOR('',#662,1.);
#662 = DIRECTION('',(1.,0.,0.));
#663 = ORIENTED_EDGE('',*,*,#664,.T.);
#664 = EDGE_CURVE('',#657,#665,#667,.T.);
#665 = VERTEX_POINT('',#666);
#666 = CARTESIAN_POINT('',(83.37,75.1,0.));
#667 = LINE('',#668,#669);
#668 = CARTESIAN_POINT('',(83.37,77.1,0.));
#669 = VECTOR('',#670,1.);
#670 = DIRECTION('',(0.,-1.,0.));
#671 = ORIENTED_EDGE('',*,*,#672,.F.);
#672 = EDGE_CURVE('',#673,#665,#675,.T.);
#673 = VERTEX_POINT('',#674);
#674 = CARTESIAN_POINT('',(65.77,75.1,0.));
#675 = LINE('',#676,#677);
#676 = CARTESIAN_POINT('',(65.77,75.1,0.));
#677 = VECTOR('',#678,1.);
#678 = DIRECTION('',(1.,0.,0.));
#679 = ORIENTED_EDGE('',*,*,#680,.F.);
#680 = EDGE_CURVE('',#641,#673,#681,.T.);
#681 = LINE('',#682,#683);
#682 = CARTESIAN_POINT('',(65.77,84.5,0.));
#683 = VECTOR('',#684,1.);
#684 = DIRECTION('',(0.,-1.,0.));
#685 = FACE_BOUND('',#686,.F.);
#686 = EDGE_LOOP('',(#687));
#687 = ORIENTED_EDGE('',*,*,#688,.F.);
#688 = EDGE_CURVE('',#689,#689,#691,.T.);
#689 = VERTEX_POINT('',#690);
#690 = CARTESIAN_POINT('',(15.1,117.,0.));
#691 = CIRCLE('',#692,2.1);
#692 = AXIS2_PLACEMENT_3D('',#693,#694,#695);
#693 = CARTESIAN_POINT('',(13.,117.,0.));
#694 = DIRECTION('',(0.,0.,1.));
#695 = DIRECTION('',(1.,0.,0.));
#696 = FACE_BOUND('',#697,.F.);
#697 = EDGE_LOOP('',(#698,#708,#716,#724,#732,#740,#748,#756,#764,#772)
  );
#698 = ORIENTED_EDGE('',*,*,#699,.F.);
#699 = EDGE_CURVE('',#700,#702,#704,.T.);
#700 = VERTEX_POINT('',#701);
#701 = CARTESIAN_POINT('',(119.9,89.52,0.));
#702 = VERTEX_POINT('',#703);
#703 = CARTESIAN_POINT('',(126.74,89.52,0.));
#704 = LINE('',#705,#706);
#705 = CARTESIAN_POINT('',(119.9,89.52,0.));
#706 = VECTOR('',#707,1.);
#707 = DIRECTION('',(1.,0.,0.));
#708 = ORIENTED_EDGE('',*,*,#709,.T.);
#709 = EDGE_CURVE('',#700,#710,#712,.T.);
#710 = VERTEX_POINT('',#711);
#711 = CARTESIAN_POINT('',(119.9,75.1,0.));
#712 = LINE('',#713,#714);
#713 = CARTESIAN_POINT('',(119.9,77.1,0.));
#714 = VECTOR('',#715,1.);
#715 = DIRECTION('',(0.,-1.,0.));
#716 = ORIENTED_EDGE('',*,*,#717,.F.);
#717 = EDGE_CURVE('',#718,#710,#720,.T.);
#718 = VERTEX_POINT('',#719);
#719 = CARTESIAN_POINT('',(102.3,75.1,0.));
#720 = LINE('',#721,#722);
#721 = CARTESIAN_POINT('',(102.3,75.1,0.));
#722 = VECTOR('',#723,1.);
#723 = DIRECTION('',(1.,0.,0.));
#724 = ORIENTED_EDGE('',*,*,#725,.F.);
#725 = EDGE_CURVE('',#726,#718,#728,.T.);
#726 = VERTEX_POINT('',#727);
#727 = CARTESIAN_POINT('',(102.3,84.5,0.));
#728 = LINE('',#729,#730);
#729 = CARTESIAN_POINT('',(102.3,84.5,0.));
#730 = VECTOR('',#731,1.);
#731 = DIRECTION('',(0.,-1.,0.));
#732 = ORIENTED_EDGE('',*,*,#733,.F.);
#733 = EDGE_CURVE('',#734,#726,#736,.T.);
#734 = VERTEX_POINT('',#735);
#735 = CARTESIAN_POINT('',(106.1,84.5,0.));
#736 = LINE('',#737,#738);
#737 = CARTESIAN_POINT('',(106.1,84.5,0.));
#738 = VECTOR('',#739,1.);
#739 = DIRECTION('',(-1.,0.,0.));
#740 = ORIENTED_EDGE('',*,*,#741,.F.);
#741 = EDGE_CURVE('',#742,#734,#744,.T.);
#742 = VERTEX_POINT('',#743);
#743 = CARTESIAN_POINT('',(106.1,89.52,0.));
#744 = LINE('',#745,#746);
#745 = CARTESIAN_POINT('',(106.1,89.52,0.));
#746 = VECTOR('',#747,1.);
#747 = DIRECTION('',(0.,-1.,0.));
#748 = ORIENTED_EDGE('',*,*,#749,.F.);
#749 = EDGE_CURVE('',#750,#742,#752,.T.);
#750 = VERTEX_POINT('',#751);
#751 = CARTESIAN_POINT('',(87.2,89.52,0.));
#752 = LINE('',#753,#754);
#753 = CARTESIAN_POINT('',(87.2,89.52,0.));
#754 = VECTOR('',#755,1.);
#755 = DIRECTION('',(1.,0.,0.));
#756 = ORIENTED_EDGE('',*,*,#757,.F.);
#757 = EDGE_CURVE('',#758,#750,#760,.T.);
#758 = VERTEX_POINT('',#759);
#759 = CARTESIAN_POINT('',(87.2,126.8,0.));
#760 = LINE('',#761,#762);
#761 = CARTESIAN_POINT('',(87.2,126.8,0.));
#762 = VECTOR('',#763,1.);
#763 = DIRECTION('',(0.,-1.,0.));
#764 = ORIENTED_EDGE('',*,*,#765,.F.);
#765 = EDGE_CURVE('',#766,#758,#768,.T.);
#766 = VERTEX_POINT('',#767);
#767 = CARTESIAN_POINT('',(126.74,126.8,0.));
#768 = LINE('',#769,#770);
#769 = CARTESIAN_POINT('',(126.74,126.8,0.));
#770 = VECTOR('',#771,1.);
#771 = DIRECTION('',(-1.,0.,0.));
#772 = ORIENTED_EDGE('',*,*,#773,.F.);
#773 = EDGE_CURVE('',#702,#766,#774,.T.);
#774 = LINE('',#775,#776);
#775 = CARTESIAN_POINT('',(126.74,89.52,0.));
#776 = VECTOR('',#777,1.);
#777 = DIRECTION('',(0.,1.,0.));
#778 = FACE_BOUND('',#779,.F.);
#779 = EDGE_LOOP('',(#780,#790,#798,#806,#814,#822));
#780 = ORIENTED_EDGE('',*,*,#781,.F.);
#781 = EDGE_CURVE('',#782,#784,#786,.T.);
#782 = VERTEX_POINT('',#783);
#783 = CARTESIAN_POINT('',(67.37,121.9,0.));
#784 = VERTEX_POINT('',#785);
#785 = CARTESIAN_POINT('',(53.57,121.9,0.));
#786 = LINE('',#787,#788);
#787 = CARTESIAN_POINT('',(67.37,121.9,0.));
#788 = VECTOR('',#789,1.);
#789 = DIRECTION('',(-1.,0.,0.));
#790 = ORIENTED_EDGE('',*,*,#791,.T.);
#791 = EDGE_CURVE('',#782,#792,#794,.T.);
#792 = VERTEX_POINT('',#793);
#793 = CARTESIAN_POINT('',(67.37,106.1,0.));
#794 = LINE('',#795,#796);
#795 = CARTESIAN_POINT('',(67.37,108.1,0.));
#796 = VECTOR('',#797,1.);
#797 = DIRECTION('',(0.,-1.,0.));
#798 = ORIENTED_EDGE('',*,*,#799,.F.);
#799 = EDGE_CURVE('',#800,#792,#802,.T.);
#800 = VERTEX_POINT('',#801);
#801 = CARTESIAN_POINT('',(49.77,106.1,0.));
#802 = LINE('',#803,#804);
#803 = CARTESIAN_POINT('',(49.77,106.1,0.));
#804 = VECTOR('',#805,1.);
#805 = DIRECTION('',(1.,0.,0.));
#806 = ORIENTED_EDGE('',*,*,#807,.F.);
#807 = EDGE_CURVE('',#808,#800,#810,.T.);
#808 = VERTEX_POINT('',#809);
#809 = CARTESIAN_POINT('',(49.77,115.5,0.));
#810 = LINE('',#811,#812);
#811 = CARTESIAN_POINT('',(49.77,115.5,0.));
#812 = VECTOR('',#813,1.);
#813 = DIRECTION('',(0.,-1.,0.));
#814 = ORIENTED_EDGE('',*,*,#815,.F.);
#815 = EDGE_CURVE('',#816,#808,#818,.T.);
#816 = VERTEX_POINT('',#817);
#817 = CARTESIAN_POINT('',(53.57,115.5,0.));
#818 = LINE('',#819,#820);
#819 = CARTESIAN_POINT('',(53.57,115.5,0.));
#820 = VECTOR('',#821,1.);
#821 = DIRECTION('',(-1.,0.,0.));
#822 = ORIENTED_EDGE('',*,*,#823,.F.);
#823 = EDGE_CURVE('',#784,#816,#824,.T.);
#824 = LINE('',#825,#826);
#825 = CARTESIAN_POINT('',(53.57,121.9,0.));
#826 = VECTOR('',#827,1.);
#827 = DIRECTION('',(0.,-1.,0.));
#828 = FACE_BOUND('',#829,.F.);
#829 = EDGE_LOOP('',(#830,#840,#848,#856,#864,#872));
#830 = ORIENTED_EDGE('',*,*,#831,.F.);
#831 = EDGE_CURVE('',#832,#834,#836,.T.);
#832 = VERTEX_POINT('',#833);
#833 = CARTESIAN_POINT('',(156.370711,90.9,0.));
#834 = VERTEX_POINT('',#835);
#835 = CARTESIAN_POINT('',(142.570711,90.9,0.));
#836 = LINE('',#837,#838);
#837 = CARTESIAN_POINT('',(156.370711,90.9,0.));
#838 = VECTOR('',#839,1.);
#839 = DIRECTION('',(-1.,0.,0.));
#840 = ORIENTED_EDGE('',*,*,#841,.T.);
#841 = EDGE_CURVE('',#832,#842,#844,.T.);
#842 = VERTEX_POINT('',#843);
#843 = CARTESIAN_POINT('',(156.370711,75.1,0.));
#844 = LINE('',#845,#846);
#845 = CARTESIAN_POINT('',(156.370711,77.1,0.));
#846 = VECTOR('',#847,1.);
#847 = DIRECTION('',(0.,-1.,0.));
#848 = ORIENTED_EDGE('',*,*,#849,.F.);
#849 = EDGE_CURVE('',#850,#842,#852,.T.);
#850 = VERTEX_POINT('',#851);
#851 = CARTESIAN_POINT('',(138.770711,75.1,0.));
#852 = LINE('',#853,#854);
#853 = CARTESIAN_POINT('',(138.770711,75.1,0.));
#854 = VECTOR('',#855,1.);
#855 = DIRECTION('',(1.,0.,0.));
#856 = ORIENTED_EDGE('',*,*,#857,.F.);
#857 = EDGE_CURVE('',#858,#850,#860,.T.);
#858 = VERTEX_POINT('',#859);
#859 = CARTESIAN_POINT('',(138.770711,84.5,0.));
#860 = LINE('',#861,#862);
#861 = CARTESIAN_POINT('',(138.770711,84.5,0.));
#862 = VECTOR('',#863,1.);
#863 = DIRECTION('',(0.,-1.,0.));
#864 = ORIENTED_EDGE('',*,*,#865,.F.);
#865 = EDGE_CURVE('',#866,#858,#868,.T.);
#866 = VERTEX_POINT('',#867);
#867 = CARTESIAN_POINT('',(142.570711,84.5,0.));
#868 = LINE('',#869,#870);
#869 = CARTESIAN_POINT('',(142.570711,84.5,0.));
#870 = VECTOR('',#871,1.);
#871 = DIRECTION('',(-1.,0.,0.));
#872 = ORIENTED_EDGE('',*,*,#873,.F.);
#873 = EDGE_CURVE('',#834,#866,#874,.T.);
#874 = LINE('',#875,#876);
#875 = CARTESIAN_POINT('',(142.570711,90.9,0.));
#876 = VECTOR('',#877,1.);
#877 = DIRECTION('',(0.,-1.,0.));
#878 = FACE_BOUND('',#879,.F.);
#879 = EDGE_LOOP('',(#880));
#880 = ORIENTED_EDGE('',*,*,#881,.F.);
#881 = EDGE_CURVE('',#882,#882,#884,.T.);
#882 = VERTEX_POINT('',#883);
#883 = CARTESIAN_POINT('',(215.1,69.,0.));
#884 = CIRCLE('',#885,2.1);
#885 = AXIS2_PLACEMENT_3D('',#886,#887,#888);
#886 = CARTESIAN_POINT('',(213.,69.,0.));
#887 = DIRECTION('',(0.,0.,1.));
#888 = DIRECTION('',(1.,0.,0.));
#889 = FACE_BOUND('',#890,.F.);
#890 = EDGE_LOOP('',(#891,#901,#909,#917,#925,#933));
#891 = ORIENTED_EDGE('',*,*,#892,.F.);
#892 = EDGE_CURVE('',#893,#895,#897,.T.);
#893 = VERTEX_POINT('',#894);
#894 = CARTESIAN_POINT('',(175.370711,100.9,0.));
#895 = VERTEX_POINT('',#896);
#896 = CARTESIAN_POINT('',(161.570711,100.9,0.));
#897 = LINE('',#898,#899);
#898 = CARTESIAN_POINT('',(175.370711,100.9,0.));
#899 = VECTOR('',#900,1.);
#900 = DIRECTION('',(-1.,0.,0.));
#901 = ORIENTED_EDGE('',*,*,#902,.T.);
#902 = EDGE_CURVE('',#893,#903,#905,.T.);
#903 = VERTEX_POINT('',#904);
#904 = CARTESIAN_POINT('',(175.370711,85.1,0.));
#905 = LINE('',#906,#907);
#906 = CARTESIAN_POINT('',(175.370711,87.1,0.));
#907 = VECTOR('',#908,1.);
#908 = DIRECTION('',(0.,-1.,0.));
#909 = ORIENTED_EDGE('',*,*,#910,.F.);
#910 = EDGE_CURVE('',#911,#903,#913,.T.);
#911 = VERTEX_POINT('',#912);
#912 = CARTESIAN_POINT('',(157.770711,85.1,0.));
#913 = LINE('',#914,#915);
#914 = CARTESIAN_POINT('',(157.770711,85.1,0.));
#915 = VECTOR('',#916,1.);
#916 = DIRECTION('',(1.,0.,0.));
#917 = ORIENTED_EDGE('',*,*,#918,.F.);
#918 = EDGE_CURVE('',#919,#911,#921,.T.);
#919 = VERTEX_POINT('',#920);
#920 = CARTESIAN_POINT('',(157.770711,94.5,0.));
#921 = LINE('',#922,#923);
#922 = CARTESIAN_POINT('',(157.770711,94.5,0.));
#923 = VECTOR('',#924,1.);
#924 = DIRECTION('',(0.,-1.,0.));
#925 = ORIENTED_EDGE('',*,*,#926,.F.);
#926 = EDGE_CURVE('',#927,#919,#929,.T.);
#927 = VERTEX_POINT('',#928);
#928 = CARTESIAN_POINT('',(161.570711,94.5,0.));
#929 = LINE('',#930,#931);
#930 = CARTESIAN_POINT('',(161.570711,94.5,0.));
#931 = VECTOR('',#932,1.);
#932 = DIRECTION('',(-1.,0.,0.));
#933 = ORIENTED_EDGE('',*,*,#934,.F.);
#934 = EDGE_CURVE('',#895,#927,#935,.T.);
#935 = LINE('',#936,#937);
#936 = CARTESIAN_POINT('',(161.570711,100.9,0.));
#937 = VECTOR('',#938,1.);
#938 = DIRECTION('',(0.,-1.,0.));
#939 = FACE_BOUND('',#940,.F.);
#940 = EDGE_LOOP('',(#941,#951,#959,#967,#975,#983));
#941 = ORIENTED_EDGE('',*,*,#942,.F.);
#942 = EDGE_CURVE('',#943,#945,#947,.T.);
#943 = VERTEX_POINT('',#944);
#944 = CARTESIAN_POINT('',(217.870711,95.9,0.));
#945 = VERTEX_POINT('',#946);
#946 = CARTESIAN_POINT('',(204.070711,95.9,0.));
#947 = LINE('',#948,#949);
#948 = CARTESIAN_POINT('',(217.870711,95.9,0.));
#949 = VECTOR('',#950,1.);
#950 = DIRECTION('',(-1.,0.,0.));
#951 = ORIENTED_EDGE('',*,*,#952,.T.);
#952 = EDGE_CURVE('',#943,#953,#955,.T.);
#953 = VERTEX_POINT('',#954);
#954 = CARTESIAN_POINT('',(217.870711,80.1,0.));
#955 = LINE('',#956,#957);
#956 = CARTESIAN_POINT('',(217.870711,82.1,0.));
#957 = VECTOR('',#958,1.);
#958 = DIRECTION('',(0.,-1.,0.));
#959 = ORIENTED_EDGE('',*,*,#960,.F.);
#960 = EDGE_CURVE('',#961,#953,#963,.T.);
#961 = VERTEX_POINT('',#962);
#962 = CARTESIAN_POINT('',(200.270711,80.1,0.));
#963 = LINE('',#964,#965);
#964 = CARTESIAN_POINT('',(200.270711,80.1,0.));
#965 = VECTOR('',#966,1.);
#966 = DIRECTION('',(1.,0.,0.));
#967 = ORIENTED_EDGE('',*,*,#968,.F.);
#968 = EDGE_CURVE('',#969,#961,#971,.T.);
#969 = VERTEX_POINT('',#970);
#970 = CARTESIAN_POINT('',(200.270711,89.5,0.));
#971 = LINE('',#972,#973);
#972 = CARTESIAN_POINT('',(200.270711,89.5,0.));
#973 = VECTOR('',#974,1.);
#974 = DIRECTION('',(0.,-1.,0.));
#975 = ORIENTED_EDGE('',*,*,#976,.F.);
#976 = EDGE_CURVE('',#977,#969,#979,.T.);
#977 = VERTEX_POINT('',#978);
#978 = CARTESIAN_POINT('',(204.070711,89.5,0.));
#979 = LINE('',#980,#981);
#980 = CARTESIAN_POINT('',(204.070711,89.5,0.));
#981 = VECTOR('',#982,1.);
#982 = DIRECTION('',(-1.,0.,0.));
#983 = ORIENTED_EDGE('',*,*,#984,.F.);
#984 = EDGE_CURVE('',#945,#977,#985,.T.);
#985 = LINE('',#986,#987);
#986 = CARTESIAN_POINT('',(204.070711,95.9,0.));
#987 = VECTOR('',#988,1.);
#988 = DIRECTION('',(0.,-1.,0.));
#989 = FACE_BOUND('',#990,.F.);
#990 = EDGE_LOOP('',(#991,#1001,#1009,#1017,#1025,#1033));
#991 = ORIENTED_EDGE('',*,*,#992,.F.);
#992 = EDGE_CURVE('',#993,#995,#997,.T.);
#993 = VERTEX_POINT('',#994);
#994 = CARTESIAN_POINT('',(151.370711,111.9,0.));
#995 = VERTEX_POINT('',#996);
#996 = CARTESIAN_POINT('',(137.570711,111.9,0.));
#997 = LINE('',#998,#999);
#998 = CARTESIAN_POINT('',(151.370711,111.9,0.));
#999 = VECTOR('',#1000,1.);
#1000 = DIRECTION('',(-1.,0.,0.));
#1001 = ORIENTED_EDGE('',*,*,#1002,.T.);
#1002 = EDGE_CURVE('',#993,#1003,#1005,.T.);
#1003 = VERTEX_POINT('',#1004);
#1004 = CARTESIAN_POINT('',(151.370711,96.1,0.));
#1005 = LINE('',#1006,#1007);
#1006 = CARTESIAN_POINT('',(151.370711,98.1,0.));
#1007 = VECTOR('',#1008,1.);
#1008 = DIRECTION('',(0.,-1.,0.));
#1009 = ORIENTED_EDGE('',*,*,#1010,.F.);
#1010 = EDGE_CURVE('',#1011,#1003,#1013,.T.);
#1011 = VERTEX_POINT('',#1012);
#1012 = CARTESIAN_POINT('',(133.770711,96.1,0.));
#1013 = LINE('',#1014,#1015);
#1014 = CARTESIAN_POINT('',(133.770711,96.1,0.));
#1015 = VECTOR('',#1016,1.);
#1016 = DIRECTION('',(1.,0.,0.));
#1017 = ORIENTED_EDGE('',*,*,#1018,.F.);
#1018 = EDGE_CURVE('',#1019,#1011,#1021,.T.);
#1019 = VERTEX_POINT('',#1020);
#1020 = CARTESIAN_POINT('',(133.770711,105.5,0.));
#1021 = LINE('',#1022,#1023);
#1022 = CARTESIAN_POINT('',(133.770711,105.5,0.));
#1023 = VECTOR('',#1024,1.);
#1024 = DIRECTION('',(0.,-1.,0.));
#1025 = ORIENTED_EDGE('',*,*,#1026,.F.);
#1026 = EDGE_CURVE('',#1027,#1019,#1029,.T.);
#1027 = VERTEX_POINT('',#1028);
#1028 = CARTESIAN_POINT('',(137.570711,105.5,0.));
#1029 = LINE('',#1030,#1031);
#1030 = CARTESIAN_POINT('',(137.570711,105.5,0.));
#1031 = VECTOR('',#1032,1.);
#1032 = DIRECTION('',(-1.,0.,0.));
#1033 = ORIENTED_EDGE('',*,*,#1034,.F.);
#1034 = EDGE_CURVE('',#995,#1027,#1035,.T.);
#1035 = LINE('',#1036,#1037);
#1036 = CARTESIAN_POINT('',(137.570711,111.9,0.));
#1037 = VECTOR('',#1038,1.);
#1038 = DIRECTION('',(0.,-1.,0.));
#1039 = FACE_BOUND('',#1040,.F.);
#1040 = EDGE_LOOP('',(#1041,#1051,#1059,#1067,#1075,#1083));
#1041 = ORIENTED_EDGE('',*,*,#1042,.F.);
#1042 = EDGE_CURVE('',#1043,#1045,#1047,.T.);
#1043 = VERTEX_POINT('',#1044);
#1044 = CARTESIAN_POINT('',(170.370711,121.9,0.));
#1045 = VERTEX_POINT('',#1046);
#1046 = CARTESIAN_POINT('',(156.570711,121.9,0.));
#1047 = LINE('',#1048,#1049);
#1048 = CARTESIAN_POINT('',(170.370711,121.9,0.));
#1049 = VECTOR('',#1050,1.);
#1050 = DIRECTION('',(-1.,0.,0.));
#1051 = ORIENTED_EDGE('',*,*,#1052,.T.);
#1052 = EDGE_CURVE('',#1043,#1053,#1055,.T.);
#1053 = VERTEX_POINT('',#1054);
#1054 = CARTESIAN_POINT('',(170.370711,106.1,0.));
#1055 = LINE('',#1056,#1057);
#1056 = CARTESIAN_POINT('',(170.370711,108.1,0.));
#1057 = VECTOR('',#1058,1.);
#1058 = DIRECTION('',(0.,-1.,0.));
#1059 = ORIENTED_EDGE('',*,*,#1060,.F.);
#1060 = EDGE_CURVE('',#1061,#1053,#1063,.T.);
#1061 = VERTEX_POINT('',#1062);
#1062 = CARTESIAN_POINT('',(152.770711,106.1,0.));
#1063 = LINE('',#1064,#1065);
#1064 = CARTESIAN_POINT('',(152.770711,106.1,0.));
#1065 = VECTOR('',#1066,1.);
#1066 = DIRECTION('',(1.,0.,0.));
#1067 = ORIENTED_EDGE('',*,*,#1068,.F.);
#1068 = EDGE_CURVE('',#1069,#1061,#1071,.T.);
#1069 = VERTEX_POINT('',#1070);
#1070 = CARTESIAN_POINT('',(152.770711,115.5,0.));
#1071 = LINE('',#1072,#1073);
#1072 = CARTESIAN_POINT('',(152.770711,115.5,0.));
#1073 = VECTOR('',#1074,1.);
#1074 = DIRECTION('',(0.,-1.,0.));
#1075 = ORIENTED_EDGE('',*,*,#1076,.F.);
#1076 = EDGE_CURVE('',#1077,#1069,#1079,.T.);
#1077 = VERTEX_POINT('',#1078);
#1078 = CARTESIAN_POINT('',(156.570711,115.5,0.));
#1079 = LINE('',#1080,#1081);
#1080 = CARTESIAN_POINT('',(156.570711,115.5,0.));
#1081 = VECTOR('',#1082,1.);
#1082 = DIRECTION('',(-1.,0.,0.));
#1083 = ORIENTED_EDGE('',*,*,#1084,.F.);
#1084 = EDGE_CURVE('',#1045,#1077,#1085,.T.);
#1085 = LINE('',#1086,#1087);
#1086 = CARTESIAN_POINT('',(156.570711,121.9,0.));
#1087 = VECTOR('',#1088,1.);
#1088 = DIRECTION('',(0.,-1.,0.));
#1089 = FACE_BOUND('',#1090,.F.);
#1090 = EDGE_LOOP('',(#1091,#1101,#1109,#1117,#1125,#1133,#1141,#1149,
    #1157,#1165,#1173,#1181));
#1091 = ORIENTED_EDGE('',*,*,#1092,.F.);
#1092 = EDGE_CURVE('',#1093,#1095,#1097,.T.);
#1093 = VERTEX_POINT('',#1094);
#1094 = CARTESIAN_POINT('',(183.070711,100.9,0.));
#1095 = VERTEX_POINT('',#1096);
#1096 = CARTESIAN_POINT('',(183.070711,94.5,0.));
#1097 = LINE('',#1098,#1099);
#1098 = CARTESIAN_POINT('',(183.070711,100.9,0.));
#1099 = VECTOR('',#1100,1.);
#1100 = DIRECTION('',(0.,-1.,0.));
#1101 = ORIENTED_EDGE('',*,*,#1102,.T.);
#1102 = EDGE_CURVE('',#1093,#1103,#1105,.T.);
#1103 = VERTEX_POINT('',#1104);
#1104 = CARTESIAN_POINT('',(195.270711,100.9,0.));
#1105 = LINE('',#1106,#1107);
#1106 = CARTESIAN_POINT('',(183.070711,100.9,0.));
#1107 = VECTOR('',#1108,1.);
#1108 = DIRECTION('',(1.,0.,0.));
#1109 = ORIENTED_EDGE('',*,*,#1110,.F.);
#1110 = EDGE_CURVE('',#1111,#1103,#1113,.T.);
#1111 = VERTEX_POINT('',#1112);
#1112 = CARTESIAN_POINT('',(195.270711,110.5,0.));
#1113 = LINE('',#1114,#1115);
#1114 = CARTESIAN_POINT('',(195.270711,110.5,0.));
#1115 = VECTOR('',#1116,1.);
#1116 = DIRECTION('',(0.,-1.,0.));
#1117 = ORIENTED_EDGE('',*,*,#1118,.F.);
#1118 = EDGE_CURVE('',#1119,#1111,#1121,.T.);
#1119 = VERTEX_POINT('',#1120);
#1120 = CARTESIAN_POINT('',(199.070711,110.5,0.));
#1121 = LINE('',#1122,#1123);
#1122 = CARTESIAN_POINT('',(199.070711,110.5,0.));
#1123 = VECTOR('',#1124,1.);
#1124 = DIRECTION('',(-1.,0.,0.));
#1125 = ORIENTED_EDGE('',*,*,#1126,.F.);
#1126 = EDGE_CURVE('',#1127,#1119,#1129,.T.);
#1127 = VERTEX_POINT('',#1128);
#1128 = CARTESIAN_POINT('',(199.070711,116.9,0.));
#1129 = LINE('',#1130,#1131);
#1130 = CARTESIAN_POINT('',(199.070711,116.9,0.));
#1131 = VECTOR('',#1132,1.);
#1132 = DIRECTION('',(0.,-1.,0.));
#1133 = ORIENTED_EDGE('',*,*,#1134,.F.);
#1134 = EDGE_CURVE('',#1135,#1127,#1137,.T.);
#1135 = VERTEX_POINT('',#1136);
#1136 = CARTESIAN_POINT('',(212.870711,116.9,0.));
#1137 = LINE('',#1138,#1139);
#1138 = CARTESIAN_POINT('',(212.870711,116.9,0.));
#1139 = VECTOR('',#1140,1.);
#1140 = DIRECTION('',(-1.,0.,0.));
#1141 = ORIENTED_EDGE('',*,*,#1142,.T.);
#1142 = EDGE_CURVE('',#1135,#1143,#1145,.T.);
#1143 = VERTEX_POINT('',#1144);
#1144 = CARTESIAN_POINT('',(212.870711,101.1,0.));
#1145 = LINE('',#1146,#1147);
#1146 = CARTESIAN_POINT('',(212.870711,103.1,0.));
#1147 = VECTOR('',#1148,1.);
#1148 = DIRECTION('',(0.,-1.,0.));
#1149 = ORIENTED_EDGE('',*,*,#1150,.F.);
#1150 = EDGE_CURVE('',#1151,#1143,#1153,.T.);
#1151 = VERTEX_POINT('',#1152);
#1152 = CARTESIAN_POINT('',(196.870711,101.1,0.));
#1153 = LINE('',#1154,#1155);
#1154 = CARTESIAN_POINT('',(196.870711,101.1,0.));
#1155 = VECTOR('',#1156,1.);
#1156 = DIRECTION('',(1.,0.,0.));
#1157 = ORIENTED_EDGE('',*,*,#1158,.T.);
#1158 = EDGE_CURVE('',#1151,#1159,#1161,.T.);
#1159 = VERTEX_POINT('',#1160);
#1160 = CARTESIAN_POINT('',(196.870711,85.1,0.));
#1161 = LINE('',#1162,#1163);
#1162 = CARTESIAN_POINT('',(196.870711,87.1,0.));
#1163 = VECTOR('',#1164,1.);
#1164 = DIRECTION('',(0.,-1.,0.));
#1165 = ORIENTED_EDGE('',*,*,#1166,.F.);
#1166 = EDGE_CURVE('',#1167,#1159,#1169,.T.);
#1167 = VERTEX_POINT('',#1168);
#1168 = CARTESIAN_POINT('',(179.270711,85.1,0.));
#1169 = LINE('',#1170,#1171);
#1170 = CARTESIAN_POINT('',(179.270711,85.1,0.));
#1171 = VECTOR('',#1172,1.);
#1172 = DIRECTION('',(1.,0.,0.));
#1173 = ORIENTED_EDGE('',*,*,#1174,.F.);
#1174 = EDGE_CURVE('',#1175,#1167,#1177,.T.);
#1175 = VERTEX_POINT('',#1176);
#1176 = CARTESIAN_POINT('',(179.270711,94.5,0.));
#1177 = LINE('',#1178,#1179);
#1178 = CARTESIAN_POINT('',(179.270711,94.5,0.));
#1179 = VECTOR('',#1180,1.);
#1180 = DIRECTION('',(0.,-1.,0.));
#1181 = ORIENTED_EDGE('',*,*,#1182,.F.);
#1182 = EDGE_CURVE('',#1095,#1175,#1183,.T.);
#1183 = LINE('',#1184,#1185);
#1184 = CARTESIAN_POINT('',(183.070711,94.5,0.));
#1185 = VECTOR('',#1186,1.);
#1186 = DIRECTION('',(-1.,0.,0.));
#1187 = FACE_BOUND('',#1188,.F.);
#1188 = EDGE_LOOP('',(#1189,#1199,#1207,#1215,#1223,#1231));
#1189 = ORIENTED_EDGE('',*,*,#1190,.F.);
#1190 = EDGE_CURVE('',#1191,#1193,#1195,.T.);
#1191 = VERTEX_POINT('',#1192);
#1192 = CARTESIAN_POINT('',(191.870711,121.9,0.));
#1193 = VERTEX_POINT('',#1194);
#1194 = CARTESIAN_POINT('',(178.070711,121.9,0.));
#1195 = LINE('',#1196,#1197);
#1196 = CARTESIAN_POINT('',(191.870711,121.9,0.));
#1197 = VECTOR('',#1198,1.);
#1198 = DIRECTION('',(-1.,0.,0.));
#1199 = ORIENTED_EDGE('',*,*,#1200,.T.);
#1200 = EDGE_CURVE('',#1191,#1201,#1203,.T.);
#1201 = VERTEX_POINT('',#1202);
#1202 = CARTESIAN_POINT('',(191.870711,106.1,0.));
#1203 = LINE('',#1204,#1205);
#1204 = CARTESIAN_POINT('',(191.870711,108.1,0.));
#1205 = VECTOR('',#1206,1.);
#1206 = DIRECTION('',(0.,-1.,0.));
#1207 = ORIENTED_EDGE('',*,*,#1208,.F.);
#1208 = EDGE_CURVE('',#1209,#1201,#1211,.T.);
#1209 = VERTEX_POINT('',#1210);
#1210 = CARTESIAN_POINT('',(174.270711,106.1,0.));
#1211 = LINE('',#1212,#1213);
#1212 = CARTESIAN_POINT('',(174.270711,106.1,0.));
#1213 = VECTOR('',#1214,1.);
#1214 = DIRECTION('',(1.,0.,0.));
#1215 = ORIENTED_EDGE('',*,*,#1216,.F.);
#1216 = EDGE_CURVE('',#1217,#1209,#1219,.T.);
#1217 = VERTEX_POINT('',#1218);
#1218 = CARTESIAN_POINT('',(174.270711,115.5,0.));
#1219 = LINE('',#1220,#1221);
#1220 = CARTESIAN_POINT('',(174.270711,115.5,0.));
#1221 = VECTOR('',#1222,1.);
#1222 = DIRECTION('',(0.,-1.,0.));
#1223 = ORIENTED_EDGE('',*,*,#1224,.F.);
#1224 = EDGE_CURVE('',#1225,#1217,#1227,.T.);
#1225 = VERTEX_POINT('',#1226);
#1226 = CARTESIAN_POINT('',(178.070711,115.5,0.));
#1227 = LINE('',#1228,#1229);
#1228 = CARTESIAN_POINT('',(178.070711,115.5,0.));
#1229 = VECTOR('',#1230,1.);
#1230 = DIRECTION('',(-1.,0.,0.));
#1231 = ORIENTED_EDGE('',*,*,#1232,.F.);
#1232 = EDGE_CURVE('',#1193,#1225,#1233,.T.);
#1233 = LINE('',#1234,#1235);
#1234 = CARTESIAN_POINT('',(178.070711,121.9,0.));
#1235 = VECTOR('',#1236,1.);
#1236 = DIRECTION('',(0.,-1.,0.));
#1237 = PLANE('',#1238);
#1238 = AXIS2_PLACEMENT_3D('',#1239,#1240,#1241);
#1239 = CARTESIAN_POINT('',(119.35264487714,73.849150882522,0.));
#1240 = DIRECTION('',(0.,0.,1.));
#1241 = DIRECTION('',(1.,0.,0.));
#1242 = ADVANCED_FACE('',(#1243),#1262,.T.);
#1243 = FACE_BOUND('',#1244,.F.);
#1244 = EDGE_LOOP('',(#1245,#1246,#1254,#1261));
#1245 = ORIENTED_EDGE('',*,*,#113,.T.);
#1246 = ORIENTED_EDGE('',*,*,#1247,.T.);
#1247 = EDGE_CURVE('',#106,#1248,#1250,.T.);
#1248 = VERTEX_POINT('',#1249);
#1249 = CARTESIAN_POINT('',(226.,115.,1.9));
#1250 = LINE('',#1251,#1252);
#1251 = CARTESIAN_POINT('',(226.,115.,0.));
#1252 = VECTOR('',#1253,1.);
#1253 = DIRECTION('',(0.,0.,1.));
#1254 = ORIENTED_EDGE('',*,*,#1255,.F.);
#1255 = EDGE_CURVE('',#32,#1248,#1256,.T.);
#1256 = CIRCLE('',#1257,15.);
#1257 = AXIS2_PLACEMENT_3D('',#1258,#1259,#1260);
#1258 = CARTESIAN_POINT('',(211.,115.,1.9));
#1259 = DIRECTION('',(-0.,-0.,-1.));
#1260 = DIRECTION('',(0.,-1.,0.));
#1261 = ORIENTED_EDGE('',*,*,#31,.F.);
#1262 = CYLINDRICAL_SURFACE('',#1263,15.);
#1263 = AXIS2_PLACEMENT_3D('',#1264,#1265,#1266);
#1264 = CARTESIAN_POINT('',(211.,115.,0.));
#1265 = DIRECTION('',(0.,0.,1.));
#1266 = DIRECTION('',(0.,1.,0.));
#1267 = ADVANCED_FACE('',(#1268),#1287,.T.);
#1268 = FACE_BOUND('',#1269,.T.);
#1269 = EDGE_LOOP('',(#1270,#1271,#1279,#1286));
#1270 = ORIENTED_EDGE('',*,*,#62,.T.);
#1271 = ORIENTED_EDGE('',*,*,#1272,.T.);
#1272 = EDGE_CURVE('',#63,#1273,#1275,.T.);
#1273 = VERTEX_POINT('',#1274);
#1274 = CARTESIAN_POINT('',(-3.552713678801E-15,115.,1.9));
#1275 = LINE('',#1276,#1277);
#1276 = CARTESIAN_POINT('',(-3.552713678801E-15,115.,0.));
#1277 = VECTOR('',#1278,1.);
#1278 = DIRECTION('',(0.,0.,1.));
#1279 = ORIENTED_EDGE('',*,*,#1280,.F.);
#1280 = EDGE_CURVE('',#40,#1273,#1281,.T.);
#1281 = CIRCLE('',#1282,15.);
#1282 = AXIS2_PLACEMENT_3D('',#1283,#1284,#1285);
#1283 = CARTESIAN_POINT('',(15.,115.,1.9));
#1284 = DIRECTION('',(-0.,0.,1.));
#1285 = DIRECTION('',(0.,-1.,0.));
#1286 = ORIENTED_EDGE('',*,*,#47,.F.);
#1287 = CYLINDRICAL_SURFACE('',#1288,15.);
#1288 = AXIS2_PLACEMENT_3D('',#1289,#1290,#1291);
#1289 = CARTESIAN_POINT('',(15.,115.,0.));
#1290 = DIRECTION('',(0.,0.,1.));
#1291 = DIRECTION('',(0.,1.,0.));
#1292 = ADVANCED_FACE('',(#1293,#1338,#1349,#1399,#1449,#1595,#1606,
    #1704,#1754,#1804,#1854,#1904,#1915,#1997,#2047,#2097,#2108,#2158,
    #2208,#2258,#2308,#2406),#2456,.T.);
#1293 = FACE_BOUND('',#1294,.T.);
#1294 = EDGE_LOOP('',(#1295,#1296,#1297,#1305,#1314,#1322,#1331,#1337));
#1295 = ORIENTED_EDGE('',*,*,#39,.T.);
#1296 = ORIENTED_EDGE('',*,*,#1280,.T.);
#1297 = ORIENTED_EDGE('',*,*,#1298,.T.);
#1298 = EDGE_CURVE('',#1273,#1299,#1301,.T.);
#1299 = VERTEX_POINT('',#1300);
#1300 = CARTESIAN_POINT('',(-3.552713678801E-15,15.,1.9));
#1301 = LINE('',#1302,#1303);
#1302 = CARTESIAN_POINT('',(0.,130.,1.9));
#1303 = VECTOR('',#1304,1.);
#1304 = DIRECTION('',(0.,-1.,0.));
#1305 = ORIENTED_EDGE('',*,*,#1306,.T.);
#1306 = EDGE_CURVE('',#1299,#1307,#1309,.T.);
#1307 = VERTEX_POINT('',#1308);
#1308 = CARTESIAN_POINT('',(15.,-3.552713678801E-15,1.9));
#1309 = CIRCLE('',#1310,15.);
#1310 = AXIS2_PLACEMENT_3D('',#1311,#1312,#1313);
#1311 = CARTESIAN_POINT('',(15.,15.,1.9));
#1312 = DIRECTION('',(-0.,0.,1.));
#1313 = DIRECTION('',(0.,-1.,0.));
#1314 = ORIENTED_EDGE('',*,*,#1315,.T.);
#1315 = EDGE_CURVE('',#1307,#1316,#1318,.T.);
#1316 = VERTEX_POINT('',#1317);
#1317 = CARTESIAN_POINT('',(211.,-3.552713678801E-15,1.9));
#1318 = LINE('',#1319,#1320);
#1319 = CARTESIAN_POINT('',(0.,0.,1.9));
#1320 = VECTOR('',#1321,1.);
#1321 = DIRECTION('',(1.,0.,0.));
#1322 = ORIENTED_EDGE('',*,*,#1323,.T.);
#1323 = EDGE_CURVE('',#1316,#1324,#1326,.T.);
#1324 = VERTEX_POINT('',#1325);
#1325 = CARTESIAN_POINT('',(226.,15.,1.9));
#1326 = CIRCLE('',#1327,15.);
#1327 = AXIS2_PLACEMENT_3D('',#1328,#1329,#1330);
#1328 = CARTESIAN_POINT('',(211.,15.,1.9));
#1329 = DIRECTION('',(-0.,0.,1.));
#1330 = DIRECTION('',(0.,-1.,0.));
#1331 = ORIENTED_EDGE('',*,*,#1332,.F.);
#1332 = EDGE_CURVE('',#1248,#1324,#1333,.T.);
#1333 = LINE('',#1334,#1335);
#1334 = CARTESIAN_POINT('',(226.,130.,1.9));
#1335 = VECTOR('',#1336,1.);
#1336 = DIRECTION('',(0.,-1.,0.));
#1337 = ORIENTED_EDGE('',*,*,#1255,.F.);
#1338 = FACE_BOUND('',#1339,.T.);
#1339 = EDGE_LOOP('',(#1340));
#1340 = ORIENTED_EDGE('',*,*,#1341,.F.);
#1341 = EDGE_CURVE('',#1342,#1342,#1344,.T.);
#1342 = VERTEX_POINT('',#1343);
#1343 = CARTESIAN_POINT('',(15.1,13.,1.9));
#1344 = CIRCLE('',#1345,2.1);
#1345 = AXIS2_PLACEMENT_3D('',#1346,#1347,#1348);
#1346 = CARTESIAN_POINT('',(13.,13.,1.9));
#1347 = DIRECTION('',(0.,0.,1.));
#1348 = DIRECTION('',(1.,0.,0.));
#1349 = FACE_BOUND('',#1350,.T.);
#1350 = EDGE_LOOP('',(#1351,#1361,#1369,#1377,#1385,#1393));
#1351 = ORIENTED_EDGE('',*,*,#1352,.F.);
#1352 = EDGE_CURVE('',#1353,#1355,#1357,.T.);
#1353 = VERTEX_POINT('',#1354);
#1354 = CARTESIAN_POINT('',(109.370711,6.099996,1.9));
#1355 = VERTEX_POINT('',#1356);
#1356 = CARTESIAN_POINT('',(109.370711,21.899996,1.9));
#1357 = LINE('',#1358,#1359);
#1358 = CARTESIAN_POINT('',(109.370711,8.099996,1.9));
#1359 = VECTOR('',#1360,1.);
#1360 = DIRECTION('',(0.,1.,0.));
#1361 = ORIENTED_EDGE('',*,*,#1362,.T.);
#1362 = EDGE_CURVE('',#1353,#1363,#1365,.T.);
#1363 = VERTEX_POINT('',#1364);
#1364 = CARTESIAN_POINT('',(91.770711,6.099996,1.9));
#1365 = LINE('',#1366,#1367);
#1366 = CARTESIAN_POINT('',(109.370711,6.099996,1.9));
#1367 = VECTOR('',#1368,1.);
#1368 = DIRECTION('',(-1.,0.,0.));
#1369 = ORIENTED_EDGE('',*,*,#1370,.T.);
#1370 = EDGE_CURVE('',#1363,#1371,#1373,.T.);
#1371 = VERTEX_POINT('',#1372);
#1372 = CARTESIAN_POINT('',(91.770711,15.499996,1.9));
#1373 = LINE('',#1374,#1375);
#1374 = CARTESIAN_POINT('',(91.770711,6.099996,1.9));
#1375 = VECTOR('',#1376,1.);
#1376 = DIRECTION('',(0.,1.,0.));
#1377 = ORIENTED_EDGE('',*,*,#1378,.T.);
#1378 = EDGE_CURVE('',#1371,#1379,#1381,.T.);
#1379 = VERTEX_POINT('',#1380);
#1380 = CARTESIAN_POINT('',(95.570711,15.499996,1.9));
#1381 = LINE('',#1382,#1383);
#1382 = CARTESIAN_POINT('',(91.770711,15.499996,1.9));
#1383 = VECTOR('',#1384,1.);
#1384 = DIRECTION('',(1.,0.,0.));
#1385 = ORIENTED_EDGE('',*,*,#1386,.F.);
#1386 = EDGE_CURVE('',#1387,#1379,#1389,.T.);
#1387 = VERTEX_POINT('',#1388);
#1388 = CARTESIAN_POINT('',(95.570711,21.899996,1.9));
#1389 = LINE('',#1390,#1391);
#1390 = CARTESIAN_POINT('',(95.570711,21.899996,1.9));
#1391 = VECTOR('',#1392,1.);
#1392 = DIRECTION('',(0.,-1.,0.));
#1393 = ORIENTED_EDGE('',*,*,#1394,.F.);
#1394 = EDGE_CURVE('',#1355,#1387,#1395,.T.);
#1395 = LINE('',#1396,#1397);
#1396 = CARTESIAN_POINT('',(109.370711,21.899996,1.9));
#1397 = VECTOR('',#1398,1.);
#1398 = DIRECTION('',(-1.,0.,0.));
#1399 = FACE_BOUND('',#1400,.T.);
#1400 = EDGE_LOOP('',(#1401,#1411,#1419,#1427,#1435,#1443));
#1401 = ORIENTED_EDGE('',*,*,#1402,.F.);
#1402 = EDGE_CURVE('',#1403,#1405,#1407,.T.);
#1403 = VERTEX_POINT('',#1404);
#1404 = CARTESIAN_POINT('',(94.170711,21.3,1.9));
#1405 = VERTEX_POINT('',#1406);
#1406 = CARTESIAN_POINT('',(94.170711,37.1,1.9));
#1407 = LINE('',#1408,#1409);
#1408 = CARTESIAN_POINT('',(94.170711,23.3,1.9));
#1409 = VECTOR('',#1410,1.);
#1410 = DIRECTION('',(0.,1.,0.));
#1411 = ORIENTED_EDGE('',*,*,#1412,.T.);
#1412 = EDGE_CURVE('',#1403,#1413,#1415,.T.);
#1413 = VERTEX_POINT('',#1414);
#1414 = CARTESIAN_POINT('',(76.570711,21.3,1.9));
#1415 = LINE('',#1416,#1417);
#1416 = CARTESIAN_POINT('',(94.170711,21.3,1.9));
#1417 = VECTOR('',#1418,1.);
#1418 = DIRECTION('',(-1.,0.,0.));
#1419 = ORIENTED_EDGE('',*,*,#1420,.T.);
#1420 = EDGE_CURVE('',#1413,#1421,#1423,.T.);
#1421 = VERTEX_POINT('',#1422);
#1422 = CARTESIAN_POINT('',(76.570711,30.7,1.9));
#1423 = LINE('',#1424,#1425);
#1424 = CARTESIAN_POINT('',(76.570711,21.3,1.9));
#1425 = VECTOR('',#1426,1.);
#1426 = DIRECTION('',(0.,1.,0.));
#1427 = ORIENTED_EDGE('',*,*,#1428,.T.);
#1428 = EDGE_CURVE('',#1421,#1429,#1431,.T.);
#1429 = VERTEX_POINT('',#1430);
#1430 = CARTESIAN_POINT('',(80.370711,30.7,1.9));
#1431 = LINE('',#1432,#1433);
#1432 = CARTESIAN_POINT('',(76.570711,30.7,1.9));
#1433 = VECTOR('',#1434,1.);
#1434 = DIRECTION('',(1.,0.,0.));
#1435 = ORIENTED_EDGE('',*,*,#1436,.F.);
#1436 = EDGE_CURVE('',#1437,#1429,#1439,.T.);
#1437 = VERTEX_POINT('',#1438);
#1438 = CARTESIAN_POINT('',(80.370711,37.1,1.9));
#1439 = LINE('',#1440,#1441);
#1440 = CARTESIAN_POINT('',(80.370711,37.1,1.9));
#1441 = VECTOR('',#1442,1.);
#1442 = DIRECTION('',(0.,-1.,0.));
#1443 = ORIENTED_EDGE('',*,*,#1444,.F.);
#1444 = EDGE_CURVE('',#1405,#1437,#1445,.T.);
#1445 = LINE('',#1446,#1447);
#1446 = CARTESIAN_POINT('',(94.170711,37.1,1.9));
#1447 = VECTOR('',#1448,1.);
#1448 = DIRECTION('',(-1.,0.,0.));
#1449 = FACE_BOUND('',#1450,.T.);
#1450 = EDGE_LOOP('',(#1451,#1461,#1469,#1477,#1485,#1493,#1501,#1509,
    #1517,#1525,#1533,#1541,#1549,#1557,#1565,#1573,#1581,#1589));
#1451 = ORIENTED_EDGE('',*,*,#1452,.F.);
#1452 = EDGE_CURVE('',#1453,#1455,#1457,.T.);
#1453 = VERTEX_POINT('',#1454);
#1454 = CARTESIAN_POINT('',(161.770711,36.499996,1.9));
#1455 = VERTEX_POINT('',#1456);
#1456 = CARTESIAN_POINT('',(161.770711,52.299996,1.9));
#1457 = LINE('',#1458,#1459);
#1458 = CARTESIAN_POINT('',(161.770711,38.499996,1.9));
#1459 = VECTOR('',#1460,1.);
#1460 = DIRECTION('',(0.,1.,0.));
#1461 = ORIENTED_EDGE('',*,*,#1462,.F.);
#1462 = EDGE_CURVE('',#1463,#1453,#1465,.T.);
#1463 = VERTEX_POINT('',#1464);
#1464 = CARTESIAN_POINT('',(146.570711,36.499996,1.9));
#1465 = LINE('',#1466,#1467);
#1466 = CARTESIAN_POINT('',(146.570711,36.499996,1.9));
#1467 = VECTOR('',#1468,1.);
#1468 = DIRECTION('',(1.,0.,0.));
#1469 = ORIENTED_EDGE('',*,*,#1470,.T.);
#1470 = EDGE_CURVE('',#1463,#1471,#1473,.T.);
#1471 = VERTEX_POINT('',#1472);
#1472 = CARTESIAN_POINT('',(146.570711,21.299996,1.9));
#1473 = LINE('',#1474,#1475);
#1474 = CARTESIAN_POINT('',(146.570711,36.499996,1.9));
#1475 = VECTOR('',#1476,1.);
#1476 = DIRECTION('',(0.,-1.,0.));
#1477 = ORIENTED_EDGE('',*,*,#1478,.F.);
#1478 = EDGE_CURVE('',#1479,#1471,#1481,.T.);
#1479 = VERTEX_POINT('',#1480);
#1480 = CARTESIAN_POINT('',(131.370711,21.299996,1.9));
#1481 = LINE('',#1482,#1483);
#1482 = CARTESIAN_POINT('',(131.370711,21.299996,1.9));
#1483 = VECTOR('',#1484,1.);
#1484 = DIRECTION('',(1.,0.,0.));
#1485 = ORIENTED_EDGE('',*,*,#1486,.T.);
#1486 = EDGE_CURVE('',#1479,#1487,#1489,.T.);
#1487 = VERTEX_POINT('',#1488);
#1488 = CARTESIAN_POINT('',(131.370711,6.099996,1.9));
#1489 = LINE('',#1490,#1491);
#1490 = CARTESIAN_POINT('',(131.370711,21.299996,1.9));
#1491 = VECTOR('',#1492,1.);
#1492 = DIRECTION('',(0.,-1.,0.));
#1493 = ORIENTED_EDGE('',*,*,#1494,.F.);
#1494 = EDGE_CURVE('',#1495,#1487,#1497,.T.);
#1495 = VERTEX_POINT('',#1496);
#1496 = CARTESIAN_POINT('',(113.770711,6.099996,1.9));
#1497 = LINE('',#1498,#1499);
#1498 = CARTESIAN_POINT('',(113.770711,6.099996,1.9));
#1499 = VECTOR('',#1500,1.);
#1500 = DIRECTION('',(1.,0.,0.));
#1501 = ORIENTED_EDGE('',*,*,#1502,.F.);
#1502 = EDGE_CURVE('',#1503,#1495,#1505,.T.);
#1503 = VERTEX_POINT('',#1504);
#1504 = CARTESIAN_POINT('',(113.770711,15.499996,1.9));
#1505 = LINE('',#1506,#1507);
#1506 = CARTESIAN_POINT('',(113.770711,15.499996,1.9));
#1507 = VECTOR('',#1508,1.);
#1508 = DIRECTION('',(0.,-1.,0.));
#1509 = ORIENTED_EDGE('',*,*,#1510,.F.);
#1510 = EDGE_CURVE('',#1511,#1503,#1513,.T.);
#1511 = VERTEX_POINT('',#1512);
#1512 = CARTESIAN_POINT('',(117.570711,15.499996,1.9));
#1513 = LINE('',#1514,#1515);
#1514 = CARTESIAN_POINT('',(117.570711,15.499996,1.9));
#1515 = VECTOR('',#1516,1.);
#1516 = DIRECTION('',(-1.,0.,0.));
#1517 = ORIENTED_EDGE('',*,*,#1518,.F.);
#1518 = EDGE_CURVE('',#1519,#1511,#1521,.T.);
#1519 = VERTEX_POINT('',#1520);
#1520 = CARTESIAN_POINT('',(117.570711,21.899996,1.9));
#1521 = LINE('',#1522,#1523);
#1522 = CARTESIAN_POINT('',(117.570711,21.899996,1.9));
#1523 = VECTOR('',#1524,1.);
#1524 = DIRECTION('',(0.,-1.,0.));
#1525 = ORIENTED_EDGE('',*,*,#1526,.F.);
#1526 = EDGE_CURVE('',#1527,#1519,#1529,.T.);
#1527 = VERTEX_POINT('',#1528);
#1528 = CARTESIAN_POINT('',(128.970711,21.899996,1.9));
#1529 = LINE('',#1530,#1531);
#1530 = CARTESIAN_POINT('',(128.970711,21.899996,1.9));
#1531 = VECTOR('',#1532,1.);
#1532 = DIRECTION('',(-1.,0.,0.));
#1533 = ORIENTED_EDGE('',*,*,#1534,.F.);
#1534 = EDGE_CURVE('',#1535,#1527,#1537,.T.);
#1535 = VERTEX_POINT('',#1536);
#1536 = CARTESIAN_POINT('',(128.970711,30.699996,1.9));
#1537 = LINE('',#1538,#1539);
#1538 = CARTESIAN_POINT('',(128.970711,30.699996,1.9));
#1539 = VECTOR('',#1540,1.);
#1540 = DIRECTION('',(0.,-1.,0.));
#1541 = ORIENTED_EDGE('',*,*,#1542,.F.);
#1542 = EDGE_CURVE('',#1543,#1535,#1545,.T.);
#1543 = VERTEX_POINT('',#1544);
#1544 = CARTESIAN_POINT('',(132.770711,30.699996,1.9));
#1545 = LINE('',#1546,#1547);
#1546 = CARTESIAN_POINT('',(132.770711,30.699996,1.9));
#1547 = VECTOR('',#1548,1.);
#1548 = DIRECTION('',(-1.,0.,0.));
#1549 = ORIENTED_EDGE('',*,*,#1550,.F.);
#1550 = EDGE_CURVE('',#1551,#1543,#1553,.T.);
#1551 = VERTEX_POINT('',#1552);
#1552 = CARTESIAN_POINT('',(132.770711,37.099996,1.9));
#1553 = LINE('',#1554,#1555);
#1554 = CARTESIAN_POINT('',(132.770711,37.099996,1.9));
#1555 = VECTOR('',#1556,1.);
#1556 = DIRECTION('',(0.,-1.,0.));
#1557 = ORIENTED_EDGE('',*,*,#1558,.F.);
#1558 = EDGE_CURVE('',#1559,#1551,#1561,.T.);
#1559 = VERTEX_POINT('',#1560);
#1560 = CARTESIAN_POINT('',(144.170711,37.099996,1.9));
#1561 = LINE('',#1562,#1563);
#1562 = CARTESIAN_POINT('',(144.170711,37.099996,1.9));
#1563 = VECTOR('',#1564,1.);
#1564 = DIRECTION('',(-1.,0.,0.));
#1565 = ORIENTED_EDGE('',*,*,#1566,.F.);
#1566 = EDGE_CURVE('',#1567,#1559,#1569,.T.);
#1567 = VERTEX_POINT('',#1568);
#1568 = CARTESIAN_POINT('',(144.170711,45.899996,1.9));
#1569 = LINE('',#1570,#1571);
#1570 = CARTESIAN_POINT('',(144.170711,45.899996,1.9));
#1571 = VECTOR('',#1572,1.);
#1572 = DIRECTION('',(0.,-1.,0.));
#1573 = ORIENTED_EDGE('',*,*,#1574,.F.);
#1574 = EDGE_CURVE('',#1575,#1567,#1577,.T.);
#1575 = VERTEX_POINT('',#1576);
#1576 = CARTESIAN_POINT('',(147.970711,45.899996,1.9));
#1577 = LINE('',#1578,#1579);
#1578 = CARTESIAN_POINT('',(147.970711,45.899996,1.9));
#1579 = VECTOR('',#1580,1.);
#1580 = DIRECTION('',(-1.,0.,0.));
#1581 = ORIENTED_EDGE('',*,*,#1582,.F.);
#1582 = EDGE_CURVE('',#1583,#1575,#1585,.T.);
#1583 = VERTEX_POINT('',#1584);
#1584 = CARTESIAN_POINT('',(147.970711,52.299996,1.9));
#1585 = LINE('',#1586,#1587);
#1586 = CARTESIAN_POINT('',(147.970711,52.299996,1.9));
#1587 = VECTOR('',#1588,1.);
#1588 = DIRECTION('',(0.,-1.,0.));
#1589 = ORIENTED_EDGE('',*,*,#1590,.F.);
#1590 = EDGE_CURVE('',#1455,#1583,#1591,.T.);
#1591 = LINE('',#1592,#1593);
#1592 = CARTESIAN_POINT('',(161.770711,52.299996,1.9));
#1593 = VECTOR('',#1594,1.);
#1594 = DIRECTION('',(-1.,0.,0.));
#1595 = FACE_BOUND('',#1596,.T.);
#1596 = EDGE_LOOP('',(#1597));
#1597 = ORIENTED_EDGE('',*,*,#1598,.F.);
#1598 = EDGE_CURVE('',#1599,#1599,#1601,.T.);
#1599 = VERTEX_POINT('',#1600);
#1600 = CARTESIAN_POINT('',(215.1,13.,1.9));
#1601 = CIRCLE('',#1602,2.1);
#1602 = AXIS2_PLACEMENT_3D('',#1603,#1604,#1605);
#1603 = CARTESIAN_POINT('',(213.,13.,1.9));
#1604 = DIRECTION('',(0.,0.,1.));
#1605 = DIRECTION('',(1.,0.,0.));
#1606 = FACE_BOUND('',#1607,.T.);
#1607 = EDGE_LOOP('',(#1608,#1618,#1626,#1634,#1642,#1650,#1658,#1666,
    #1674,#1682,#1690,#1698));
#1608 = ORIENTED_EDGE('',*,*,#1609,.F.);
#1609 = EDGE_CURVE('',#1610,#1612,#1614,.T.);
#1610 = VERTEX_POINT('',#1611);
#1611 = CARTESIAN_POINT('',(141.570711,44.199996,1.9));
#1612 = VERTEX_POINT('',#1613);
#1613 = CARTESIAN_POINT('',(141.570711,59.999996,1.9));
#1614 = LINE('',#1615,#1616);
#1615 = CARTESIAN_POINT('',(141.570711,46.199996,1.9));
#1616 = VECTOR('',#1617,1.);
#1617 = DIRECTION('',(0.,1.,0.));
#1618 = ORIENTED_EDGE('',*,*,#1619,.F.);
#1619 = EDGE_CURVE('',#1620,#1610,#1622,.T.);
#1620 = VERTEX_POINT('',#1621);
#1621 = CARTESIAN_POINT('',(126.370711,44.199996,1.9));
#1622 = LINE('',#1623,#1624);
#1623 = CARTESIAN_POINT('',(126.370711,44.199996,1.9));
#1624 = VECTOR('',#1625,1.);
#1625 = DIRECTION('',(1.,0.,0.));
#1626 = ORIENTED_EDGE('',*,*,#1627,.T.);
#1627 = EDGE_CURVE('',#1620,#1628,#1630,.T.);
#1628 = VERTEX_POINT('',#1629);
#1629 = CARTESIAN_POINT('',(126.370711,28.999996,1.9));
#1630 = LINE('',#1631,#1632);
#1631 = CARTESIAN_POINT('',(126.370711,44.199996,1.9));
#1632 = VECTOR('',#1633,1.);
#1633 = DIRECTION('',(0.,-1.,0.));
#1634 = ORIENTED_EDGE('',*,*,#1635,.F.);
#1635 = EDGE_CURVE('',#1636,#1628,#1638,.T.);
#1636 = VERTEX_POINT('',#1637);
#1637 = CARTESIAN_POINT('',(108.770711,28.999996,1.9));
#1638 = LINE('',#1639,#1640);
#1639 = CARTESIAN_POINT('',(108.770711,28.999996,1.9));
#1640 = VECTOR('',#1641,1.);
#1641 = DIRECTION('',(1.,0.,0.));
#1642 = ORIENTED_EDGE('',*,*,#1643,.F.);
#1643 = EDGE_CURVE('',#1644,#1636,#1646,.T.);
#1644 = VERTEX_POINT('',#1645);
#1645 = CARTESIAN_POINT('',(108.770711,38.399996,1.9));
#1646 = LINE('',#1647,#1648);
#1647 = CARTESIAN_POINT('',(108.770711,38.399996,1.9));
#1648 = VECTOR('',#1649,1.);
#1649 = DIRECTION('',(0.,-1.,0.));
#1650 = ORIENTED_EDGE('',*,*,#1651,.F.);
#1651 = EDGE_CURVE('',#1652,#1644,#1654,.T.);
#1652 = VERTEX_POINT('',#1653);
#1653 = CARTESIAN_POINT('',(112.570711,38.399996,1.9));
#1654 = LINE('',#1655,#1656);
#1655 = CARTESIAN_POINT('',(112.570711,38.399996,1.9));
#1656 = VECTOR('',#1657,1.);
#1657 = DIRECTION('',(-1.,0.,0.));
#1658 = ORIENTED_EDGE('',*,*,#1659,.F.);
#1659 = EDGE_CURVE('',#1660,#1652,#1662,.T.);
#1660 = VERTEX_POINT('',#1661);
#1661 = CARTESIAN_POINT('',(112.570711,44.799996,1.9));
#1662 = LINE('',#1663,#1664);
#1663 = CARTESIAN_POINT('',(112.570711,44.799996,1.9));
#1664 = VECTOR('',#1665,1.);
#1665 = DIRECTION('',(0.,-1.,0.));
#1666 = ORIENTED_EDGE('',*,*,#1667,.F.);
#1667 = EDGE_CURVE('',#1668,#1660,#1670,.T.);
#1668 = VERTEX_POINT('',#1669);
#1669 = CARTESIAN_POINT('',(123.970711,44.799996,1.9));
#1670 = LINE('',#1671,#1672);
#1671 = CARTESIAN_POINT('',(123.970711,44.799996,1.9));
#1672 = VECTOR('',#1673,1.);
#1673 = DIRECTION('',(-1.,0.,0.));
#1674 = ORIENTED_EDGE('',*,*,#1675,.F.);
#1675 = EDGE_CURVE('',#1676,#1668,#1678,.T.);
#1676 = VERTEX_POINT('',#1677);
#1677 = CARTESIAN_POINT('',(123.970711,53.599996,1.9));
#1678 = LINE('',#1679,#1680);
#1679 = CARTESIAN_POINT('',(123.970711,53.599996,1.9));
#1680 = VECTOR('',#1681,1.);
#1681 = DIRECTION('',(0.,-1.,0.));
#1682 = ORIENTED_EDGE('',*,*,#1683,.F.);
#1683 = EDGE_CURVE('',#1684,#1676,#1686,.T.);
#1684 = VERTEX_POINT('',#1685);
#1685 = CARTESIAN_POINT('',(127.770711,53.599996,1.9));
#1686 = LINE('',#1687,#1688);
#1687 = CARTESIAN_POINT('',(127.770711,53.599996,1.9));
#1688 = VECTOR('',#1689,1.);
#1689 = DIRECTION('',(-1.,0.,0.));
#1690 = ORIENTED_EDGE('',*,*,#1691,.F.);
#1691 = EDGE_CURVE('',#1692,#1684,#1694,.T.);
#1692 = VERTEX_POINT('',#1693);
#1693 = CARTESIAN_POINT('',(127.770711,59.999996,1.9));
#1694 = LINE('',#1695,#1696);
#1695 = CARTESIAN_POINT('',(127.770711,59.999996,1.9));
#1696 = VECTOR('',#1697,1.);
#1697 = DIRECTION('',(0.,-1.,0.));
#1698 = ORIENTED_EDGE('',*,*,#1699,.F.);
#1699 = EDGE_CURVE('',#1612,#1692,#1700,.T.);
#1700 = LINE('',#1701,#1702);
#1701 = CARTESIAN_POINT('',(141.570711,59.999996,1.9));
#1702 = VECTOR('',#1703,1.);
#1703 = DIRECTION('',(-1.,0.,0.));
#1704 = FACE_BOUND('',#1705,.T.);
#1705 = EDGE_LOOP('',(#1706,#1716,#1724,#1732,#1740,#1748));
#1706 = ORIENTED_EDGE('',*,*,#1707,.F.);
#1707 = EDGE_CURVE('',#1708,#1710,#1712,.T.);
#1708 = VERTEX_POINT('',#1709);
#1709 = CARTESIAN_POINT('',(8.07,89.5,1.9));
#1710 = VERTEX_POINT('',#1711);
#1711 = CARTESIAN_POINT('',(4.27,89.5,1.9));
#1712 = LINE('',#1713,#1714);
#1713 = CARTESIAN_POINT('',(8.07,89.5,1.9));
#1714 = VECTOR('',#1715,1.);
#1715 = DIRECTION('',(-1.,0.,0.));
#1716 = ORIENTED_EDGE('',*,*,#1717,.T.);
#1717 = EDGE_CURVE('',#1708,#1718,#1720,.T.);
#1718 = VERTEX_POINT('',#1719);
#1719 = CARTESIAN_POINT('',(8.07,95.9,1.9));
#1720 = LINE('',#1721,#1722);
#1721 = CARTESIAN_POINT('',(8.07,89.5,1.9));
#1722 = VECTOR('',#1723,1.);
#1723 = DIRECTION('',(0.,1.,0.));
#1724 = ORIENTED_EDGE('',*,*,#1725,.T.);
#1725 = EDGE_CURVE('',#1718,#1726,#1728,.T.);
#1726 = VERTEX_POINT('',#1727);
#1727 = CARTESIAN_POINT('',(21.87,95.9,1.9));
#1728 = LINE('',#1729,#1730);
#1729 = CARTESIAN_POINT('',(8.07,95.9,1.9));
#1730 = VECTOR('',#1731,1.);
#1731 = DIRECTION('',(1.,0.,0.));
#1732 = ORIENTED_EDGE('',*,*,#1733,.T.);
#1733 = EDGE_CURVE('',#1726,#1734,#1736,.T.);
#1734 = VERTEX_POINT('',#1735);
#1735 = CARTESIAN_POINT('',(21.87,80.1,1.9));
#1736 = LINE('',#1737,#1738);
#1737 = CARTESIAN_POINT('',(21.87,95.9,1.9));
#1738 = VECTOR('',#1739,1.);
#1739 = DIRECTION('',(0.,-1.,0.));
#1740 = ORIENTED_EDGE('',*,*,#1741,.F.);
#1741 = EDGE_CURVE('',#1742,#1734,#1744,.T.);
#1742 = VERTEX_POINT('',#1743);
#1743 = CARTESIAN_POINT('',(4.27,80.1,1.9));
#1744 = LINE('',#1745,#1746);
#1745 = CARTESIAN_POINT('',(4.27,80.1,1.9));
#1746 = VECTOR('',#1747,1.);
#1747 = DIRECTION('',(1.,0.,0.));
#1748 = ORIENTED_EDGE('',*,*,#1749,.F.);
#1749 = EDGE_CURVE('',#1710,#1742,#1750,.T.);
#1750 = LINE('',#1751,#1752);
#1751 = CARTESIAN_POINT('',(4.27,89.5,1.9));
#1752 = VECTOR('',#1753,1.);
#1753 = DIRECTION('',(0.,-1.,0.));
#1754 = FACE_BOUND('',#1755,.T.);
#1755 = EDGE_LOOP('',(#1756,#1766,#1774,#1782,#1790,#1798));
#1756 = ORIENTED_EDGE('',*,*,#1757,.F.);
#1757 = EDGE_CURVE('',#1758,#1760,#1762,.T.);
#1758 = VERTEX_POINT('',#1759);
#1759 = CARTESIAN_POINT('',(29.07,94.5,1.9));
#1760 = VERTEX_POINT('',#1761);
#1761 = CARTESIAN_POINT('',(25.27,94.5,1.9));
#1762 = LINE('',#1763,#1764);
#1763 = CARTESIAN_POINT('',(29.07,94.5,1.9));
#1764 = VECTOR('',#1765,1.);
#1765 = DIRECTION('',(-1.,0.,0.));
#1766 = ORIENTED_EDGE('',*,*,#1767,.T.);
#1767 = EDGE_CURVE('',#1758,#1768,#1770,.T.);
#1768 = VERTEX_POINT('',#1769);
#1769 = CARTESIAN_POINT('',(29.07,100.9,1.9));
#1770 = LINE('',#1771,#1772);
#1771 = CARTESIAN_POINT('',(29.07,94.5,1.9));
#1772 = VECTOR('',#1773,1.);
#1773 = DIRECTION('',(0.,1.,0.));
#1774 = ORIENTED_EDGE('',*,*,#1775,.T.);
#1775 = EDGE_CURVE('',#1768,#1776,#1778,.T.);
#1776 = VERTEX_POINT('',#1777);
#1777 = CARTESIAN_POINT('',(42.87,100.9,1.9));
#1778 = LINE('',#1779,#1780);
#1779 = CARTESIAN_POINT('',(29.07,100.9,1.9));
#1780 = VECTOR('',#1781,1.);
#1781 = DIRECTION('',(1.,0.,0.));
#1782 = ORIENTED_EDGE('',*,*,#1783,.T.);
#1783 = EDGE_CURVE('',#1776,#1784,#1786,.T.);
#1784 = VERTEX_POINT('',#1785);
#1785 = CARTESIAN_POINT('',(42.87,85.1,1.9));
#1786 = LINE('',#1787,#1788);
#1787 = CARTESIAN_POINT('',(42.87,100.9,1.9));
#1788 = VECTOR('',#1789,1.);
#1789 = DIRECTION('',(0.,-1.,0.));
#1790 = ORIENTED_EDGE('',*,*,#1791,.F.);
#1791 = EDGE_CURVE('',#1792,#1784,#1794,.T.);
#1792 = VERTEX_POINT('',#1793);
#1793 = CARTESIAN_POINT('',(25.27,85.1,1.9));
#1794 = LINE('',#1795,#1796);
#1795 = CARTESIAN_POINT('',(25.27,85.1,1.9));
#1796 = VECTOR('',#1797,1.);
#1797 = DIRECTION('',(1.,0.,0.));
#1798 = ORIENTED_EDGE('',*,*,#1799,.F.);
#1799 = EDGE_CURVE('',#1760,#1792,#1800,.T.);
#1800 = LINE('',#1801,#1802);
#1801 = CARTESIAN_POINT('',(25.27,94.5,1.9));
#1802 = VECTOR('',#1803,1.);
#1803 = DIRECTION('',(0.,-1.,0.));
#1804 = FACE_BOUND('',#1805,.T.);
#1805 = EDGE_LOOP('',(#1806,#1816,#1824,#1832,#1840,#1848));
#1806 = ORIENTED_EDGE('',*,*,#1807,.F.);
#1807 = EDGE_CURVE('',#1808,#1810,#1812,.T.);
#1808 = VERTEX_POINT('',#1809);
#1809 = CARTESIAN_POINT('',(50.57,94.5,1.9));
#1810 = VERTEX_POINT('',#1811);
#1811 = CARTESIAN_POINT('',(46.77,94.5,1.9));
#1812 = LINE('',#1813,#1814);
#1813 = CARTESIAN_POINT('',(50.57,94.5,1.9));
#1814 = VECTOR('',#1815,1.);
#1815 = DIRECTION('',(-1.,0.,0.));
#1816 = ORIENTED_EDGE('',*,*,#1817,.T.);
#1817 = EDGE_CURVE('',#1808,#1818,#1820,.T.);
#1818 = VERTEX_POINT('',#1819);
#1819 = CARTESIAN_POINT('',(50.57,100.9,1.9));
#1820 = LINE('',#1821,#1822);
#1821 = CARTESIAN_POINT('',(50.57,94.5,1.9));
#1822 = VECTOR('',#1823,1.);
#1823 = DIRECTION('',(0.,1.,0.));
#1824 = ORIENTED_EDGE('',*,*,#1825,.T.);
#1825 = EDGE_CURVE('',#1818,#1826,#1828,.T.);
#1826 = VERTEX_POINT('',#1827);
#1827 = CARTESIAN_POINT('',(64.37,100.9,1.9));
#1828 = LINE('',#1829,#1830);
#1829 = CARTESIAN_POINT('',(50.57,100.9,1.9));
#1830 = VECTOR('',#1831,1.);
#1831 = DIRECTION('',(1.,0.,0.));
#1832 = ORIENTED_EDGE('',*,*,#1833,.T.);
#1833 = EDGE_CURVE('',#1826,#1834,#1836,.T.);
#1834 = VERTEX_POINT('',#1835);
#1835 = CARTESIAN_POINT('',(64.37,85.1,1.9));
#1836 = LINE('',#1837,#1838);
#1837 = CARTESIAN_POINT('',(64.37,100.9,1.9));
#1838 = VECTOR('',#1839,1.);
#1839 = DIRECTION('',(0.,-1.,0.));
#1840 = ORIENTED_EDGE('',*,*,#1841,.F.);
#1841 = EDGE_CURVE('',#1842,#1834,#1844,.T.);
#1842 = VERTEX_POINT('',#1843);
#1843 = CARTESIAN_POINT('',(46.77,85.1,1.9));
#1844 = LINE('',#1845,#1846);
#1845 = CARTESIAN_POINT('',(46.77,85.1,1.9));
#1846 = VECTOR('',#1847,1.);
#1847 = DIRECTION('',(1.,0.,0.));
#1848 = ORIENTED_EDGE('',*,*,#1849,.F.);
#1849 = EDGE_CURVE('',#1810,#1842,#1850,.T.);
#1850 = LINE('',#1851,#1852);
#1851 = CARTESIAN_POINT('',(46.77,94.5,1.9));
#1852 = VECTOR('',#1853,1.);
#1853 = DIRECTION('',(0.,-1.,0.));
#1854 = FACE_BOUND('',#1855,.T.);
#1855 = EDGE_LOOP('',(#1856,#1866,#1874,#1882,#1890,#1898));
#1856 = ORIENTED_EDGE('',*,*,#1857,.F.);
#1857 = EDGE_CURVE('',#1858,#1860,#1862,.T.);
#1858 = VERTEX_POINT('',#1859);
#1859 = CARTESIAN_POINT('',(69.57,84.5,1.9));
#1860 = VERTEX_POINT('',#1861);
#1861 = CARTESIAN_POINT('',(65.77,84.5,1.9));
#1862 = LINE('',#1863,#1864);
#1863 = CARTESIAN_POINT('',(69.57,84.5,1.9));
#1864 = VECTOR('',#1865,1.);
#1865 = DIRECTION('',(-1.,0.,0.));
#1866 = ORIENTED_EDGE('',*,*,#1867,.T.);
#1867 = EDGE_CURVE('',#1858,#1868,#1870,.T.);
#1868 = VERTEX_POINT('',#1869);
#1869 = CARTESIAN_POINT('',(69.57,90.9,1.9));
#1870 = LINE('',#1871,#1872);
#1871 = CARTESIAN_POINT('',(69.57,84.5,1.9));
#1872 = VECTOR('',#1873,1.);
#1873 = DIRECTION('',(0.,1.,0.));
#1874 = ORIENTED_EDGE('',*,*,#1875,.T.);
#1875 = EDGE_CURVE('',#1868,#1876,#1878,.T.);
#1876 = VERTEX_POINT('',#1877);
#1877 = CARTESIAN_POINT('',(83.37,90.9,1.9));
#1878 = LINE('',#1879,#1880);
#1879 = CARTESIAN_POINT('',(69.57,90.9,1.9));
#1880 = VECTOR('',#1881,1.);
#1881 = DIRECTION('',(1.,0.,0.));
#1882 = ORIENTED_EDGE('',*,*,#1883,.T.);
#1883 = EDGE_CURVE('',#1876,#1884,#1886,.T.);
#1884 = VERTEX_POINT('',#1885);
#1885 = CARTESIAN_POINT('',(83.37,75.1,1.9));
#1886 = LINE('',#1887,#1888);
#1887 = CARTESIAN_POINT('',(83.37,90.9,1.9));
#1888 = VECTOR('',#1889,1.);
#1889 = DIRECTION('',(0.,-1.,0.));
#1890 = ORIENTED_EDGE('',*,*,#1891,.F.);
#1891 = EDGE_CURVE('',#1892,#1884,#1894,.T.);
#1892 = VERTEX_POINT('',#1893);
#1893 = CARTESIAN_POINT('',(65.77,75.1,1.9));
#1894 = LINE('',#1895,#1896);
#1895 = CARTESIAN_POINT('',(65.77,75.1,1.9));
#1896 = VECTOR('',#1897,1.);
#1897 = DIRECTION('',(1.,0.,0.));
#1898 = ORIENTED_EDGE('',*,*,#1899,.F.);
#1899 = EDGE_CURVE('',#1860,#1892,#1900,.T.);
#1900 = LINE('',#1901,#1902);
#1901 = CARTESIAN_POINT('',(65.77,84.5,1.9));
#1902 = VECTOR('',#1903,1.);
#1903 = DIRECTION('',(0.,-1.,0.));
#1904 = FACE_BOUND('',#1905,.T.);
#1905 = EDGE_LOOP('',(#1906));
#1906 = ORIENTED_EDGE('',*,*,#1907,.F.);
#1907 = EDGE_CURVE('',#1908,#1908,#1910,.T.);
#1908 = VERTEX_POINT('',#1909);
#1909 = CARTESIAN_POINT('',(15.1,117.,1.9));
#1910 = CIRCLE('',#1911,2.1);
#1911 = AXIS2_PLACEMENT_3D('',#1912,#1913,#1914);
#1912 = CARTESIAN_POINT('',(13.,117.,1.9));
#1913 = DIRECTION('',(0.,0.,1.));
#1914 = DIRECTION('',(1.,0.,0.));
#1915 = FACE_BOUND('',#1916,.T.);
#1916 = EDGE_LOOP('',(#1917,#1927,#1935,#1943,#1951,#1959,#1967,#1975,
    #1983,#1991));
#1917 = ORIENTED_EDGE('',*,*,#1918,.F.);
#1918 = EDGE_CURVE('',#1919,#1921,#1923,.T.);
#1919 = VERTEX_POINT('',#1920);
#1920 = CARTESIAN_POINT('',(119.9,89.52,1.9));
#1921 = VERTEX_POINT('',#1922);
#1922 = CARTESIAN_POINT('',(126.74,89.52,1.9));
#1923 = LINE('',#1924,#1925);
#1924 = CARTESIAN_POINT('',(119.9,89.52,1.9));
#1925 = VECTOR('',#1926,1.);
#1926 = DIRECTION('',(1.,0.,0.));
#1927 = ORIENTED_EDGE('',*,*,#1928,.T.);
#1928 = EDGE_CURVE('',#1919,#1929,#1931,.T.);
#1929 = VERTEX_POINT('',#1930);
#1930 = CARTESIAN_POINT('',(119.9,75.1,1.9));
#1931 = LINE('',#1932,#1933);
#1932 = CARTESIAN_POINT('',(119.9,89.52,1.9));
#1933 = VECTOR('',#1934,1.);
#1934 = DIRECTION('',(0.,-1.,0.));
#1935 = ORIENTED_EDGE('',*,*,#1936,.F.);
#1936 = EDGE_CURVE('',#1937,#1929,#1939,.T.);
#1937 = VERTEX_POINT('',#1938);
#1938 = CARTESIAN_POINT('',(102.3,75.1,1.9));
#1939 = LINE('',#1940,#1941);
#1940 = CARTESIAN_POINT('',(102.3,75.1,1.9));
#1941 = VECTOR('',#1942,1.);
#1942 = DIRECTION('',(1.,0.,0.));
#1943 = ORIENTED_EDGE('',*,*,#1944,.F.);
#1944 = EDGE_CURVE('',#1945,#1937,#1947,.T.);
#1945 = VERTEX_POINT('',#1946);
#1946 = CARTESIAN_POINT('',(102.3,84.5,1.9));
#1947 = LINE('',#1948,#1949);
#1948 = CARTESIAN_POINT('',(102.3,84.5,1.9));
#1949 = VECTOR('',#1950,1.);
#1950 = DIRECTION('',(0.,-1.,0.));
#1951 = ORIENTED_EDGE('',*,*,#1952,.F.);
#1952 = EDGE_CURVE('',#1953,#1945,#1955,.T.);
#1953 = VERTEX_POINT('',#1954);
#1954 = CARTESIAN_POINT('',(106.1,84.5,1.9));
#1955 = LINE('',#1956,#1957);
#1956 = CARTESIAN_POINT('',(106.1,84.5,1.9));
#1957 = VECTOR('',#1958,1.);
#1958 = DIRECTION('',(-1.,0.,0.));
#1959 = ORIENTED_EDGE('',*,*,#1960,.F.);
#1960 = EDGE_CURVE('',#1961,#1953,#1963,.T.);
#1961 = VERTEX_POINT('',#1962);
#1962 = CARTESIAN_POINT('',(106.1,89.52,1.9));
#1963 = LINE('',#1964,#1965);
#1964 = CARTESIAN_POINT('',(106.1,89.52,1.9));
#1965 = VECTOR('',#1966,1.);
#1966 = DIRECTION('',(0.,-1.,0.));
#1967 = ORIENTED_EDGE('',*,*,#1968,.F.);
#1968 = EDGE_CURVE('',#1969,#1961,#1971,.T.);
#1969 = VERTEX_POINT('',#1970);
#1970 = CARTESIAN_POINT('',(87.2,89.52,1.9));
#1971 = LINE('',#1972,#1973);
#1972 = CARTESIAN_POINT('',(87.2,89.52,1.9));
#1973 = VECTOR('',#1974,1.);
#1974 = DIRECTION('',(1.,0.,0.));
#1975 = ORIENTED_EDGE('',*,*,#1976,.F.);
#1976 = EDGE_CURVE('',#1977,#1969,#1979,.T.);
#1977 = VERTEX_POINT('',#1978);
#1978 = CARTESIAN_POINT('',(87.2,126.8,1.9));
#1979 = LINE('',#1980,#1981);
#1980 = CARTESIAN_POINT('',(87.2,126.8,1.9));
#1981 = VECTOR('',#1982,1.);
#1982 = DIRECTION('',(0.,-1.,0.));
#1983 = ORIENTED_EDGE('',*,*,#1984,.F.);
#1984 = EDGE_CURVE('',#1985,#1977,#1987,.T.);
#1985 = VERTEX_POINT('',#1986);
#1986 = CARTESIAN_POINT('',(126.74,126.8,1.9));
#1987 = LINE('',#1988,#1989);
#1988 = CARTESIAN_POINT('',(126.74,126.8,1.9));
#1989 = VECTOR('',#1990,1.);
#1990 = DIRECTION('',(-1.,0.,0.));
#1991 = ORIENTED_EDGE('',*,*,#1992,.F.);
#1992 = EDGE_CURVE('',#1921,#1985,#1993,.T.);
#1993 = LINE('',#1994,#1995);
#1994 = CARTESIAN_POINT('',(126.74,89.52,1.9));
#1995 = VECTOR('',#1996,1.);
#1996 = DIRECTION('',(0.,1.,0.));
#1997 = FACE_BOUND('',#1998,.T.);
#1998 = EDGE_LOOP('',(#1999,#2009,#2017,#2025,#2033,#2041));
#1999 = ORIENTED_EDGE('',*,*,#2000,.F.);
#2000 = EDGE_CURVE('',#2001,#2003,#2005,.T.);
#2001 = VERTEX_POINT('',#2002);
#2002 = CARTESIAN_POINT('',(67.37,121.9,1.9));
#2003 = VERTEX_POINT('',#2004);
#2004 = CARTESIAN_POINT('',(53.57,121.9,1.9));
#2005 = LINE('',#2006,#2007);
#2006 = CARTESIAN_POINT('',(67.37,121.9,1.9));
#2007 = VECTOR('',#2008,1.);
#2008 = DIRECTION('',(-1.,0.,0.));
#2009 = ORIENTED_EDGE('',*,*,#2010,.T.);
#2010 = EDGE_CURVE('',#2001,#2011,#2013,.T.);
#2011 = VERTEX_POINT('',#2012);
#2012 = CARTESIAN_POINT('',(67.37,106.1,1.9));
#2013 = LINE('',#2014,#2015);
#2014 = CARTESIAN_POINT('',(67.37,121.9,1.9));
#2015 = VECTOR('',#2016,1.);
#2016 = DIRECTION('',(0.,-1.,0.));
#2017 = ORIENTED_EDGE('',*,*,#2018,.F.);
#2018 = EDGE_CURVE('',#2019,#2011,#2021,.T.);
#2019 = VERTEX_POINT('',#2020);
#2020 = CARTESIAN_POINT('',(49.77,106.1,1.9));
#2021 = LINE('',#2022,#2023);
#2022 = CARTESIAN_POINT('',(49.77,106.1,1.9));
#2023 = VECTOR('',#2024,1.);
#2024 = DIRECTION('',(1.,0.,0.));
#2025 = ORIENTED_EDGE('',*,*,#2026,.F.);
#2026 = EDGE_CURVE('',#2027,#2019,#2029,.T.);
#2027 = VERTEX_POINT('',#2028);
#2028 = CARTESIAN_POINT('',(49.77,115.5,1.9));
#2029 = LINE('',#2030,#2031);
#2030 = CARTESIAN_POINT('',(49.77,115.5,1.9));
#2031 = VECTOR('',#2032,1.);
#2032 = DIRECTION('',(0.,-1.,0.));
#2033 = ORIENTED_EDGE('',*,*,#2034,.F.);
#2034 = EDGE_CURVE('',#2035,#2027,#2037,.T.);
#2035 = VERTEX_POINT('',#2036);
#2036 = CARTESIAN_POINT('',(53.57,115.5,1.9));
#2037 = LINE('',#2038,#2039);
#2038 = CARTESIAN_POINT('',(53.57,115.5,1.9));
#2039 = VECTOR('',#2040,1.);
#2040 = DIRECTION('',(-1.,0.,0.));
#2041 = ORIENTED_EDGE('',*,*,#2042,.F.);
#2042 = EDGE_CURVE('',#2003,#2035,#2043,.T.);
#2043 = LINE('',#2044,#2045);
#2044 = CARTESIAN_POINT('',(53.57,121.9,1.9));
#2045 = VECTOR('',#2046,1.);
#2046 = DIRECTION('',(0.,-1.,0.));
#2047 = FACE_BOUND('',#2048,.T.);
#2048 = EDGE_LOOP('',(#2049,#2059,#2067,#2075,#2083,#2091));
#2049 = ORIENTED_EDGE('',*,*,#2050,.F.);
#2050 = EDGE_CURVE('',#2051,#2053,#2055,.T.);
#2051 = VERTEX_POINT('',#2052);
#2052 = CARTESIAN_POINT('',(156.370711,90.9,1.9));
#2053 = VERTEX_POINT('',#2054);
#2054 = CARTESIAN_POINT('',(142.570711,90.9,1.9));
#2055 = LINE('',#2056,#2057);
#2056 = CARTESIAN_POINT('',(156.370711,90.9,1.9));
#2057 = VECTOR('',#2058,1.);
#2058 = DIRECTION('',(-1.,0.,0.));
#2059 = ORIENTED_EDGE('',*,*,#2060,.T.);
#2060 = EDGE_CURVE('',#2051,#2061,#2063,.T.);
#2061 = VERTEX_POINT('',#2062);
#2062 = CARTESIAN_POINT('',(156.370711,75.1,1.9));
#2063 = LINE('',#2064,#2065);
#2064 = CARTESIAN_POINT('',(156.370711,90.9,1.9));
#2065 = VECTOR('',#2066,1.);
#2066 = DIRECTION('',(0.,-1.,0.));
#2067 = ORIENTED_EDGE('',*,*,#2068,.F.);
#2068 = EDGE_CURVE('',#2069,#2061,#2071,.T.);
#2069 = VERTEX_POINT('',#2070);
#2070 = CARTESIAN_POINT('',(138.770711,75.1,1.9));
#2071 = LINE('',#2072,#2073);
#2072 = CARTESIAN_POINT('',(138.770711,75.1,1.9));
#2073 = VECTOR('',#2074,1.);
#2074 = DIRECTION('',(1.,0.,0.));
#2075 = ORIENTED_EDGE('',*,*,#2076,.F.);
#2076 = EDGE_CURVE('',#2077,#2069,#2079,.T.);
#2077 = VERTEX_POINT('',#2078);
#2078 = CARTESIAN_POINT('',(138.770711,84.5,1.9));
#2079 = LINE('',#2080,#2081);
#2080 = CARTESIAN_POINT('',(138.770711,84.5,1.9));
#2081 = VECTOR('',#2082,1.);
#2082 = DIRECTION('',(0.,-1.,0.));
#2083 = ORIENTED_EDGE('',*,*,#2084,.F.);
#2084 = EDGE_CURVE('',#2085,#2077,#2087,.T.);
#2085 = VERTEX_POINT('',#2086);
#2086 = CARTESIAN_POINT('',(142.570711,84.5,1.9));
#2087 = LINE('',#2088,#2089);
#2088 = CARTESIAN_POINT('',(142.570711,84.5,1.9));
#2089 = VECTOR('',#2090,1.);
#2090 = DIRECTION('',(-1.,0.,0.));
#2091 = ORIENTED_EDGE('',*,*,#2092,.F.);
#2092 = EDGE_CURVE('',#2053,#2085,#2093,.T.);
#2093 = LINE('',#2094,#2095);
#2094 = CARTESIAN_POINT('',(142.570711,90.9,1.9));
#2095 = VECTOR('',#2096,1.);
#2096 = DIRECTION('',(0.,-1.,0.));
#2097 = FACE_BOUND('',#2098,.T.);
#2098 = EDGE_LOOP('',(#2099));
#2099 = ORIENTED_EDGE('',*,*,#2100,.F.);
#2100 = EDGE_CURVE('',#2101,#2101,#2103,.T.);
#2101 = VERTEX_POINT('',#2102);
#2102 = CARTESIAN_POINT('',(215.1,69.,1.9));
#2103 = CIRCLE('',#2104,2.1);
#2104 = AXIS2_PLACEMENT_3D('',#2105,#2106,#2107);
#2105 = CARTESIAN_POINT('',(213.,69.,1.9));
#2106 = DIRECTION('',(0.,0.,1.));
#2107 = DIRECTION('',(1.,0.,0.));
#2108 = FACE_BOUND('',#2109,.T.);
#2109 = EDGE_LOOP('',(#2110,#2120,#2128,#2136,#2144,#2152));
#2110 = ORIENTED_EDGE('',*,*,#2111,.F.);
#2111 = EDGE_CURVE('',#2112,#2114,#2116,.T.);
#2112 = VERTEX_POINT('',#2113);
#2113 = CARTESIAN_POINT('',(175.370711,100.9,1.9));
#2114 = VERTEX_POINT('',#2115);
#2115 = CARTESIAN_POINT('',(161.570711,100.9,1.9));
#2116 = LINE('',#2117,#2118);
#2117 = CARTESIAN_POINT('',(175.370711,100.9,1.9));
#2118 = VECTOR('',#2119,1.);
#2119 = DIRECTION('',(-1.,0.,0.));
#2120 = ORIENTED_EDGE('',*,*,#2121,.T.);
#2121 = EDGE_CURVE('',#2112,#2122,#2124,.T.);
#2122 = VERTEX_POINT('',#2123);
#2123 = CARTESIAN_POINT('',(175.370711,85.1,1.9));
#2124 = LINE('',#2125,#2126);
#2125 = CARTESIAN_POINT('',(175.370711,100.9,1.9));
#2126 = VECTOR('',#2127,1.);
#2127 = DIRECTION('',(0.,-1.,0.));
#2128 = ORIENTED_EDGE('',*,*,#2129,.F.);
#2129 = EDGE_CURVE('',#2130,#2122,#2132,.T.);
#2130 = VERTEX_POINT('',#2131);
#2131 = CARTESIAN_POINT('',(157.770711,85.1,1.9));
#2132 = LINE('',#2133,#2134);
#2133 = CARTESIAN_POINT('',(157.770711,85.1,1.9));
#2134 = VECTOR('',#2135,1.);
#2135 = DIRECTION('',(1.,0.,0.));
#2136 = ORIENTED_EDGE('',*,*,#2137,.F.);
#2137 = EDGE_CURVE('',#2138,#2130,#2140,.T.);
#2138 = VERTEX_POINT('',#2139);
#2139 = CARTESIAN_POINT('',(157.770711,94.5,1.9));
#2140 = LINE('',#2141,#2142);
#2141 = CARTESIAN_POINT('',(157.770711,94.5,1.9));
#2142 = VECTOR('',#2143,1.);
#2143 = DIRECTION('',(0.,-1.,0.));
#2144 = ORIENTED_EDGE('',*,*,#2145,.F.);
#2145 = EDGE_CURVE('',#2146,#2138,#2148,.T.);
#2146 = VERTEX_POINT('',#2147);
#2147 = CARTESIAN_POINT('',(161.570711,94.5,1.9));
#2148 = LINE('',#2149,#2150);
#2149 = CARTESIAN_POINT('',(161.570711,94.5,1.9));
#2150 = VECTOR('',#2151,1.);
#2151 = DIRECTION('',(-1.,0.,0.));
#2152 = ORIENTED_EDGE('',*,*,#2153,.F.);
#2153 = EDGE_CURVE('',#2114,#2146,#2154,.T.);
#2154 = LINE('',#2155,#2156);
#2155 = CARTESIAN_POINT('',(161.570711,100.9,1.9));
#2156 = VECTOR('',#2157,1.);
#2157 = DIRECTION('',(0.,-1.,0.));
#2158 = FACE_BOUND('',#2159,.T.);
#2159 = EDGE_LOOP('',(#2160,#2170,#2178,#2186,#2194,#2202));
#2160 = ORIENTED_EDGE('',*,*,#2161,.F.);
#2161 = EDGE_CURVE('',#2162,#2164,#2166,.T.);
#2162 = VERTEX_POINT('',#2163);
#2163 = CARTESIAN_POINT('',(217.870711,80.1,1.9));
#2164 = VERTEX_POINT('',#2165);
#2165 = CARTESIAN_POINT('',(217.870711,95.9,1.9));
#2166 = LINE('',#2167,#2168);
#2167 = CARTESIAN_POINT('',(217.870711,82.1,1.9));
#2168 = VECTOR('',#2169,1.);
#2169 = DIRECTION('',(0.,1.,0.));
#2170 = ORIENTED_EDGE('',*,*,#2171,.F.);
#2171 = EDGE_CURVE('',#2172,#2162,#2174,.T.);
#2172 = VERTEX_POINT('',#2173);
#2173 = CARTESIAN_POINT('',(200.270711,80.1,1.9));
#2174 = LINE('',#2175,#2176);
#2175 = CARTESIAN_POINT('',(200.270711,80.1,1.9));
#2176 = VECTOR('',#2177,1.);
#2177 = DIRECTION('',(1.,0.,0.));
#2178 = ORIENTED_EDGE('',*,*,#2179,.F.);
#2179 = EDGE_CURVE('',#2180,#2172,#2182,.T.);
#2180 = VERTEX_POINT('',#2181);
#2181 = CARTESIAN_POINT('',(200.270711,89.5,1.9));
#2182 = LINE('',#2183,#2184);
#2183 = CARTESIAN_POINT('',(200.270711,89.5,1.9));
#2184 = VECTOR('',#2185,1.);
#2185 = DIRECTION('',(0.,-1.,0.));
#2186 = ORIENTED_EDGE('',*,*,#2187,.F.);
#2187 = EDGE_CURVE('',#2188,#2180,#2190,.T.);
#2188 = VERTEX_POINT('',#2189);
#2189 = CARTESIAN_POINT('',(204.070711,89.5,1.9));
#2190 = LINE('',#2191,#2192);
#2191 = CARTESIAN_POINT('',(204.070711,89.5,1.9));
#2192 = VECTOR('',#2193,1.);
#2193 = DIRECTION('',(-1.,0.,0.));
#2194 = ORIENTED_EDGE('',*,*,#2195,.F.);
#2195 = EDGE_CURVE('',#2196,#2188,#2198,.T.);
#2196 = VERTEX_POINT('',#2197);
#2197 = CARTESIAN_POINT('',(204.070711,95.9,1.9));
#2198 = LINE('',#2199,#2200);
#2199 = CARTESIAN_POINT('',(204.070711,95.9,1.9));
#2200 = VECTOR('',#2201,1.);
#2201 = DIRECTION('',(0.,-1.,0.));
#2202 = ORIENTED_EDGE('',*,*,#2203,.F.);
#2203 = EDGE_CURVE('',#2164,#2196,#2204,.T.);
#2204 = LINE('',#2205,#2206);
#2205 = CARTESIAN_POINT('',(217.870711,95.9,1.9));
#2206 = VECTOR('',#2207,1.);
#2207 = DIRECTION('',(-1.,0.,0.));
#2208 = FACE_BOUND('',#2209,.T.);
#2209 = EDGE_LOOP('',(#2210,#2220,#2228,#2236,#2244,#2252));
#2210 = ORIENTED_EDGE('',*,*,#2211,.F.);
#2211 = EDGE_CURVE('',#2212,#2214,#2216,.T.);
#2212 = VERTEX_POINT('',#2213);
#2213 = CARTESIAN_POINT('',(151.370711,111.9,1.9));
#2214 = VERTEX_POINT('',#2215);
#2215 = CARTESIAN_POINT('',(137.570711,111.9,1.9));
#2216 = LINE('',#2217,#2218);
#2217 = CARTESIAN_POINT('',(151.370711,111.9,1.9));
#2218 = VECTOR('',#2219,1.);
#2219 = DIRECTION('',(-1.,0.,0.));
#2220 = ORIENTED_EDGE('',*,*,#2221,.T.);
#2221 = EDGE_CURVE('',#2212,#2222,#2224,.T.);
#2222 = VERTEX_POINT('',#2223);
#2223 = CARTESIAN_POINT('',(151.370711,96.1,1.9));
#2224 = LINE('',#2225,#2226);
#2225 = CARTESIAN_POINT('',(151.370711,111.9,1.9));
#2226 = VECTOR('',#2227,1.);
#2227 = DIRECTION('',(0.,-1.,0.));
#2228 = ORIENTED_EDGE('',*,*,#2229,.F.);
#2229 = EDGE_CURVE('',#2230,#2222,#2232,.T.);
#2230 = VERTEX_POINT('',#2231);
#2231 = CARTESIAN_POINT('',(133.770711,96.1,1.9));
#2232 = LINE('',#2233,#2234);
#2233 = CARTESIAN_POINT('',(133.770711,96.1,1.9));
#2234 = VECTOR('',#2235,1.);
#2235 = DIRECTION('',(1.,0.,0.));
#2236 = ORIENTED_EDGE('',*,*,#2237,.F.);
#2237 = EDGE_CURVE('',#2238,#2230,#2240,.T.);
#2238 = VERTEX_POINT('',#2239);
#2239 = CARTESIAN_POINT('',(133.770711,105.5,1.9));
#2240 = LINE('',#2241,#2242);
#2241 = CARTESIAN_POINT('',(133.770711,105.5,1.9));
#2242 = VECTOR('',#2243,1.);
#2243 = DIRECTION('',(0.,-1.,0.));
#2244 = ORIENTED_EDGE('',*,*,#2245,.F.);
#2245 = EDGE_CURVE('',#2246,#2238,#2248,.T.);
#2246 = VERTEX_POINT('',#2247);
#2247 = CARTESIAN_POINT('',(137.570711,105.5,1.9));
#2248 = LINE('',#2249,#2250);
#2249 = CARTESIAN_POINT('',(137.570711,105.5,1.9));
#2250 = VECTOR('',#2251,1.);
#2251 = DIRECTION('',(-1.,0.,0.));
#2252 = ORIENTED_EDGE('',*,*,#2253,.F.);
#2253 = EDGE_CURVE('',#2214,#2246,#2254,.T.);
#2254 = LINE('',#2255,#2256);
#2255 = CARTESIAN_POINT('',(137.570711,111.9,1.9));
#2256 = VECTOR('',#2257,1.);
#2257 = DIRECTION('',(0.,-1.,0.));
#2258 = FACE_BOUND('',#2259,.T.);
#2259 = EDGE_LOOP('',(#2260,#2270,#2278,#2286,#2294,#2302));
#2260 = ORIENTED_EDGE('',*,*,#2261,.F.);
#2261 = EDGE_CURVE('',#2262,#2264,#2266,.T.);
#2262 = VERTEX_POINT('',#2263);
#2263 = CARTESIAN_POINT('',(170.370711,121.9,1.9));
#2264 = VERTEX_POINT('',#2265);
#2265 = CARTESIAN_POINT('',(156.570711,121.9,1.9));
#2266 = LINE('',#2267,#2268);
#2267 = CARTESIAN_POINT('',(170.370711,121.9,1.9));
#2268 = VECTOR('',#2269,1.);
#2269 = DIRECTION('',(-1.,0.,0.));
#2270 = ORIENTED_EDGE('',*,*,#2271,.T.);
#2271 = EDGE_CURVE('',#2262,#2272,#2274,.T.);
#2272 = VERTEX_POINT('',#2273);
#2273 = CARTESIAN_POINT('',(170.370711,106.1,1.9));
#2274 = LINE('',#2275,#2276);
#2275 = CARTESIAN_POINT('',(170.370711,121.9,1.9));
#2276 = VECTOR('',#2277,1.);
#2277 = DIRECTION('',(0.,-1.,0.));
#2278 = ORIENTED_EDGE('',*,*,#2279,.F.);
#2279 = EDGE_CURVE('',#2280,#2272,#2282,.T.);
#2280 = VERTEX_POINT('',#2281);
#2281 = CARTESIAN_POINT('',(152.770711,106.1,1.9));
#2282 = LINE('',#2283,#2284);
#2283 = CARTESIAN_POINT('',(152.770711,106.1,1.9));
#2284 = VECTOR('',#2285,1.);
#2285 = DIRECTION('',(1.,0.,0.));
#2286 = ORIENTED_EDGE('',*,*,#2287,.F.);
#2287 = EDGE_CURVE('',#2288,#2280,#2290,.T.);
#2288 = VERTEX_POINT('',#2289);
#2289 = CARTESIAN_POINT('',(152.770711,115.5,1.9));
#2290 = LINE('',#2291,#2292);
#2291 = CARTESIAN_POINT('',(152.770711,115.5,1.9));
#2292 = VECTOR('',#2293,1.);
#2293 = DIRECTION('',(0.,-1.,0.));
#2294 = ORIENTED_EDGE('',*,*,#2295,.F.);
#2295 = EDGE_CURVE('',#2296,#2288,#2298,.T.);
#2296 = VERTEX_POINT('',#2297);
#2297 = CARTESIAN_POINT('',(156.570711,115.5,1.9));
#2298 = LINE('',#2299,#2300);
#2299 = CARTESIAN_POINT('',(156.570711,115.5,1.9));
#2300 = VECTOR('',#2301,1.);
#2301 = DIRECTION('',(-1.,0.,0.));
#2302 = ORIENTED_EDGE('',*,*,#2303,.F.);
#2303 = EDGE_CURVE('',#2264,#2296,#2304,.T.);
#2304 = LINE('',#2305,#2306);
#2305 = CARTESIAN_POINT('',(156.570711,121.9,1.9));
#2306 = VECTOR('',#2307,1.);
#2307 = DIRECTION('',(0.,-1.,0.));
#2308 = FACE_BOUND('',#2309,.T.);
#2309 = EDGE_LOOP('',(#2310,#2320,#2328,#2336,#2344,#2352,#2360,#2368,
    #2376,#2384,#2392,#2400));
#2310 = ORIENTED_EDGE('',*,*,#2311,.F.);
#2311 = EDGE_CURVE('',#2312,#2314,#2316,.T.);
#2312 = VERTEX_POINT('',#2313);
#2313 = CARTESIAN_POINT('',(183.070711,100.9,1.9));
#2314 = VERTEX_POINT('',#2315);
#2315 = CARTESIAN_POINT('',(183.070711,94.5,1.9));
#2316 = LINE('',#2317,#2318);
#2317 = CARTESIAN_POINT('',(183.070711,100.9,1.9));
#2318 = VECTOR('',#2319,1.);
#2319 = DIRECTION('',(0.,-1.,0.));
#2320 = ORIENTED_EDGE('',*,*,#2321,.T.);
#2321 = EDGE_CURVE('',#2312,#2322,#2324,.T.);
#2322 = VERTEX_POINT('',#2323);
#2323 = CARTESIAN_POINT('',(195.270711,100.9,1.9));
#2324 = LINE('',#2325,#2326);
#2325 = CARTESIAN_POINT('',(183.070711,100.9,1.9));
#2326 = VECTOR('',#2327,1.);
#2327 = DIRECTION('',(1.,0.,0.));
#2328 = ORIENTED_EDGE('',*,*,#2329,.F.);
#2329 = EDGE_CURVE('',#2330,#2322,#2332,.T.);
#2330 = VERTEX_POINT('',#2331);
#2331 = CARTESIAN_POINT('',(195.270711,110.5,1.9));
#2332 = LINE('',#2333,#2334);
#2333 = CARTESIAN_POINT('',(195.270711,101.1,1.9));
#2334 = VECTOR('',#2335,1.);
#2335 = DIRECTION('',(0.,-1.,0.));
#2336 = ORIENTED_EDGE('',*,*,#2337,.F.);
#2337 = EDGE_CURVE('',#2338,#2330,#2340,.T.);
#2338 = VERTEX_POINT('',#2339);
#2339 = CARTESIAN_POINT('',(199.070711,110.5,1.9));
#2340 = LINE('',#2341,#2342);
#2341 = CARTESIAN_POINT('',(199.070711,110.5,1.9));
#2342 = VECTOR('',#2343,1.);
#2343 = DIRECTION('',(-1.,0.,0.));
#2344 = ORIENTED_EDGE('',*,*,#2345,.F.);
#2345 = EDGE_CURVE('',#2346,#2338,#2348,.T.);
#2346 = VERTEX_POINT('',#2347);
#2347 = CARTESIAN_POINT('',(199.070711,116.9,1.9));
#2348 = LINE('',#2349,#2350);
#2349 = CARTESIAN_POINT('',(199.070711,116.9,1.9));
#2350 = VECTOR('',#2351,1.);
#2351 = DIRECTION('',(0.,-1.,0.));
#2352 = ORIENTED_EDGE('',*,*,#2353,.F.);
#2353 = EDGE_CURVE('',#2354,#2346,#2356,.T.);
#2354 = VERTEX_POINT('',#2355);
#2355 = CARTESIAN_POINT('',(212.870711,116.9,1.9));
#2356 = LINE('',#2357,#2358);
#2357 = CARTESIAN_POINT('',(212.870711,116.9,1.9));
#2358 = VECTOR('',#2359,1.);
#2359 = DIRECTION('',(-1.,0.,0.));
#2360 = ORIENTED_EDGE('',*,*,#2361,.T.);
#2361 = EDGE_CURVE('',#2354,#2362,#2364,.T.);
#2362 = VERTEX_POINT('',#2363);
#2363 = CARTESIAN_POINT('',(212.870711,101.1,1.9));
#2364 = LINE('',#2365,#2366);
#2365 = CARTESIAN_POINT('',(212.870711,116.9,1.9));
#2366 = VECTOR('',#2367,1.);
#2367 = DIRECTION('',(0.,-1.,0.));
#2368 = ORIENTED_EDGE('',*,*,#2369,.F.);
#2369 = EDGE_CURVE('',#2370,#2362,#2372,.T.);
#2370 = VERTEX_POINT('',#2371);
#2371 = CARTESIAN_POINT('',(196.870711,101.1,1.9));
#2372 = LINE('',#2373,#2374);
#2373 = CARTESIAN_POINT('',(196.870711,101.1,1.9));
#2374 = VECTOR('',#2375,1.);
#2375 = DIRECTION('',(1.,0.,0.));
#2376 = ORIENTED_EDGE('',*,*,#2377,.F.);
#2377 = EDGE_CURVE('',#2378,#2370,#2380,.T.);
#2378 = VERTEX_POINT('',#2379);
#2379 = CARTESIAN_POINT('',(196.870711,85.1,1.9));
#2380 = LINE('',#2381,#2382);
#2381 = CARTESIAN_POINT('',(196.870711,100.9,1.9));
#2382 = VECTOR('',#2383,1.);
#2383 = DIRECTION('',(0.,1.,0.));
#2384 = ORIENTED_EDGE('',*,*,#2385,.F.);
#2385 = EDGE_CURVE('',#2386,#2378,#2388,.T.);
#2386 = VERTEX_POINT('',#2387);
#2387 = CARTESIAN_POINT('',(179.270711,85.1,1.9));
#2388 = LINE('',#2389,#2390);
#2389 = CARTESIAN_POINT('',(179.270711,85.1,1.9));
#2390 = VECTOR('',#2391,1.);
#2391 = DIRECTION('',(1.,0.,0.));
#2392 = ORIENTED_EDGE('',*,*,#2393,.F.);
#2393 = EDGE_CURVE('',#2394,#2386,#2396,.T.);
#2394 = VERTEX_POINT('',#2395);
#2395 = CARTESIAN_POINT('',(179.270711,94.5,1.9));
#2396 = LINE('',#2397,#2398);
#2397 = CARTESIAN_POINT('',(179.270711,94.5,1.9));
#2398 = VECTOR('',#2399,1.);
#2399 = DIRECTION('',(0.,-1.,0.));
#2400 = ORIENTED_EDGE('',*,*,#2401,.F.);
#2401 = EDGE_CURVE('',#2314,#2394,#2402,.T.);
#2402 = LINE('',#2403,#2404);
#2403 = CARTESIAN_POINT('',(183.070711,94.5,1.9));
#2404 = VECTOR('',#2405,1.);
#2405 = DIRECTION('',(-1.,0.,0.));
#2406 = FACE_BOUND('',#2407,.T.);
#2407 = EDGE_LOOP('',(#2408,#2418,#2426,#2434,#2442,#2450));
#2408 = ORIENTED_EDGE('',*,*,#2409,.F.);
#2409 = EDGE_CURVE('',#2410,#2412,#2414,.T.);
#2410 = VERTEX_POINT('',#2411);
#2411 = CARTESIAN_POINT('',(191.870711,121.9,1.9));
#2412 = VERTEX_POINT('',#2413);
#2413 = CARTESIAN_POINT('',(178.070711,121.9,1.9));
#2414 = LINE('',#2415,#2416);
#2415 = CARTESIAN_POINT('',(191.870711,121.9,1.9));
#2416 = VECTOR('',#2417,1.);
#2417 = DIRECTION('',(-1.,0.,0.));
#2418 = ORIENTED_EDGE('',*,*,#2419,.T.);
#2419 = EDGE_CURVE('',#2410,#2420,#2422,.T.);
#2420 = VERTEX_POINT('',#2421);
#2421 = CARTESIAN_POINT('',(191.870711,106.1,1.9));
#2422 = LINE('',#2423,#2424);
#2423 = CARTESIAN_POINT('',(191.870711,121.9,1.9));
#2424 = VECTOR('',#2425,1.);
#2425 = DIRECTION('',(0.,-1.,0.));
#2426 = ORIENTED_EDGE('',*,*,#2427,.F.);
#2427 = EDGE_CURVE('',#2428,#2420,#2430,.T.);
#2428 = VERTEX_POINT('',#2429);
#2429 = CARTESIAN_POINT('',(174.270711,106.1,1.9));
#2430 = LINE('',#2431,#2432);
#2431 = CARTESIAN_POINT('',(174.270711,106.1,1.9));
#2432 = VECTOR('',#2433,1.);
#2433 = DIRECTION('',(1.,0.,0.));
#2434 = ORIENTED_EDGE('',*,*,#2435,.F.);
#2435 = EDGE_CURVE('',#2436,#2428,#2438,.T.);
#2436 = VERTEX_POINT('',#2437);
#2437 = CARTESIAN_POINT('',(174.270711,115.5,1.9));
#2438 = LINE('',#2439,#2440);
#2439 = CARTESIAN_POINT('',(174.270711,115.5,1.9));
#2440 = VECTOR('',#2441,1.);
#2441 = DIRECTION('',(0.,-1.,0.));
#2442 = ORIENTED_EDGE('',*,*,#2443,.F.);
#2443 = EDGE_CURVE('',#2444,#2436,#2446,.T.);
#2444 = VERTEX_POINT('',#2445);
#2445 = CARTESIAN_POINT('',(178.070711,115.5,1.9));
#2446 = LINE('',#2447,#2448);
#2447 = CARTESIAN_POINT('',(178.070711,115.5,1.9));
#2448 = VECTOR('',#2449,1.);
#2449 = DIRECTION('',(-1.,0.,0.));
#2450 = ORIENTED_EDGE('',*,*,#2451,.F.);
#2451 = EDGE_CURVE('',#2412,#2444,#2452,.T.);
#2452 = LINE('',#2453,#2454);
#2453 = CARTESIAN_POINT('',(178.070711,121.9,1.9));
#2454 = VECTOR('',#2455,1.);
#2455 = DIRECTION('',(0.,-1.,0.));
#2456 = PLANE('',#2457);
#2457 = AXIS2_PLACEMENT_3D('',#2458,#2459,#2460);
#2458 = CARTESIAN_POINT('',(119.35264487714,73.849150882522,1.9));
#2459 = DIRECTION('',(0.,0.,1.));
#2460 = DIRECTION('',(1.,0.,0.));
#2461 = ADVANCED_FACE('',(#2462),#2473,.T.);
#2462 = FACE_BOUND('',#2463,.T.);
#2463 = EDGE_LOOP('',(#2464,#2465,#2466,#2467));
#2464 = ORIENTED_EDGE('',*,*,#105,.F.);
#2465 = ORIENTED_EDGE('',*,*,#1247,.T.);
#2466 = ORIENTED_EDGE('',*,*,#1332,.T.);
#2467 = ORIENTED_EDGE('',*,*,#2468,.F.);
#2468 = EDGE_CURVE('',#97,#1324,#2469,.T.);
#2469 = LINE('',#2470,#2471);
#2470 = CARTESIAN_POINT('',(226.,15.,0.));
#2471 = VECTOR('',#2472,1.);
#2472 = DIRECTION('',(0.,0.,1.));
#2473 = PLANE('',#2474);
#2474 = AXIS2_PLACEMENT_3D('',#2475,#2476,#2477);
#2475 = CARTESIAN_POINT('',(226.,130.,0.));
#2476 = DIRECTION('',(1.,0.,0.));
#2477 = DIRECTION('',(0.,-1.,0.));
#2478 = ADVANCED_FACE('',(#2479),#2490,.F.);
#2479 = FACE_BOUND('',#2480,.F.);
#2480 = EDGE_LOOP('',(#2481,#2482,#2483,#2484));
#2481 = ORIENTED_EDGE('',*,*,#71,.F.);
#2482 = ORIENTED_EDGE('',*,*,#1272,.T.);
#2483 = ORIENTED_EDGE('',*,*,#1298,.T.);
#2484 = ORIENTED_EDGE('',*,*,#2485,.F.);
#2485 = EDGE_CURVE('',#72,#1299,#2486,.T.);
#2486 = LINE('',#2487,#2488);
#2487 = CARTESIAN_POINT('',(-3.552713678801E-15,15.,0.));
#2488 = VECTOR('',#2489,1.);
#2489 = DIRECTION('',(0.,0.,1.));
#2490 = PLANE('',#2491);
#2491 = AXIS2_PLACEMENT_3D('',#2492,#2493,#2494);
#2492 = CARTESIAN_POINT('',(0.,130.,0.));
#2493 = DIRECTION('',(1.,0.,0.));
#2494 = DIRECTION('',(0.,-1.,0.));
#2495 = ADVANCED_FACE('',(#2496),#2507,.T.);
#2496 = FACE_BOUND('',#2497,.T.);
#2497 = EDGE_LOOP('',(#2498,#2499,#2500,#2501));
#2498 = ORIENTED_EDGE('',*,*,#96,.T.);
#2499 = ORIENTED_EDGE('',*,*,#2468,.T.);
#2500 = ORIENTED_EDGE('',*,*,#1323,.F.);
#2501 = ORIENTED_EDGE('',*,*,#2502,.F.);
#2502 = EDGE_CURVE('',#89,#1316,#2503,.T.);
#2503 = LINE('',#2504,#2505);
#2504 = CARTESIAN_POINT('',(211.,-3.552713678801E-15,0.));
#2505 = VECTOR('',#2506,1.);
#2506 = DIRECTION('',(0.,0.,1.));
#2507 = CYLINDRICAL_SURFACE('',#2508,15.);
#2508 = AXIS2_PLACEMENT_3D('',#2509,#2510,#2511);
#2509 = CARTESIAN_POINT('',(211.,15.,0.));
#2510 = DIRECTION('',(0.,0.,1.));
#2511 = DIRECTION('',(0.,-1.,0.));
#2512 = ADVANCED_FACE('',(#2513),#2524,.T.);
#2513 = FACE_BOUND('',#2514,.T.);
#2514 = EDGE_LOOP('',(#2515,#2516,#2522,#2523));
#2515 = ORIENTED_EDGE('',*,*,#79,.T.);
#2516 = ORIENTED_EDGE('',*,*,#2517,.T.);
#2517 = EDGE_CURVE('',#80,#1307,#2518,.T.);
#2518 = LINE('',#2519,#2520);
#2519 = CARTESIAN_POINT('',(15.,-3.552713678801E-15,0.));
#2520 = VECTOR('',#2521,1.);
#2521 = DIRECTION('',(0.,0.,1.));
#2522 = ORIENTED_EDGE('',*,*,#1306,.F.);
#2523 = ORIENTED_EDGE('',*,*,#2485,.F.);
#2524 = CYLINDRICAL_SURFACE('',#2525,15.);
#2525 = AXIS2_PLACEMENT_3D('',#2526,#2527,#2528);
#2526 = CARTESIAN_POINT('',(15.,15.,0.));
#2527 = DIRECTION('',(0.,0.,1.));
#2528 = DIRECTION('',(-1.,0.,0.));
#2529 = ADVANCED_FACE('',(#2530),#2536,.F.);
#2530 = FACE_BOUND('',#2531,.F.);
#2531 = EDGE_LOOP('',(#2532,#2533,#2534,#2535));
#2532 = ORIENTED_EDGE('',*,*,#88,.F.);
#2533 = ORIENTED_EDGE('',*,*,#2517,.T.);
#2534 = ORIENTED_EDGE('',*,*,#1315,.T.);
#2535 = ORIENTED_EDGE('',*,*,#2502,.F.);
#2536 = PLANE('',#2537);
#2537 = AXIS2_PLACEMENT_3D('',#2538,#2539,#2540);
#2538 = CARTESIAN_POINT('',(0.,0.,0.));
#2539 = DIRECTION('',(0.,1.,0.));
#2540 = DIRECTION('',(1.,0.,0.));
#2541 = ADVANCED_FACE('',(#2542),#2553,.F.);
#2542 = FACE_BOUND('',#2543,.F.);
#2543 = EDGE_LOOP('',(#2544,#2545,#2551,#2552));
#2544 = ORIENTED_EDGE('',*,*,#1341,.F.);
#2545 = ORIENTED_EDGE('',*,*,#2546,.T.);
#2546 = EDGE_CURVE('',#1342,#123,#2547,.T.);
#2547 = LINE('',#2548,#2549);
#2548 = CARTESIAN_POINT('',(15.1,13.,1.9));
#2549 = VECTOR('',#2550,1.);
#2550 = DIRECTION('',(-0.,-0.,-1.));
#2551 = ORIENTED_EDGE('',*,*,#122,.T.);
#2552 = ORIENTED_EDGE('',*,*,#2546,.F.);
#2553 = CYLINDRICAL_SURFACE('',#2554,2.1);
#2554 = AXIS2_PLACEMENT_3D('',#2555,#2556,#2557);
#2555 = CARTESIAN_POINT('',(13.,13.,1.9));
#2556 = DIRECTION('',(0.,0.,1.));
#2557 = DIRECTION('',(1.,0.,0.));
#2558 = ADVANCED_FACE('',(#2559),#2575,.T.);
#2559 = FACE_BOUND('',#2560,.T.);
#2560 = EDGE_LOOP('',(#2561,#2567,#2568,#2574));
#2561 = ORIENTED_EDGE('',*,*,#2562,.T.);
#2562 = EDGE_CURVE('',#134,#1355,#2563,.T.);
#2563 = LINE('',#2564,#2565);
#2564 = CARTESIAN_POINT('',(109.370711,21.899996,0.));
#2565 = VECTOR('',#2566,1.);
#2566 = DIRECTION('',(0.,0.,1.));
#2567 = ORIENTED_EDGE('',*,*,#1394,.T.);
#2568 = ORIENTED_EDGE('',*,*,#2569,.F.);
#2569 = EDGE_CURVE('',#136,#1387,#2570,.T.);
#2570 = LINE('',#2571,#2572);
#2571 = CARTESIAN_POINT('',(95.570711,21.899996,0.));
#2572 = VECTOR('',#2573,1.);
#2573 = DIRECTION('',(0.,0.,1.));
#2574 = ORIENTED_EDGE('',*,*,#133,.F.);
#2575 = PLANE('',#2576);
#2576 = AXIS2_PLACEMENT_3D('',#2577,#2578,#2579);
#2577 = CARTESIAN_POINT('',(109.370711,21.899996,0.));
#2578 = DIRECTION('',(0.,-1.,0.));
#2579 = DIRECTION('',(-1.,0.,0.));
#2580 = ADVANCED_FACE('',(#2581),#2592,.T.);
#2581 = FACE_BOUND('',#2582,.T.);
#2582 = EDGE_LOOP('',(#2583,#2584,#2585,#2591));
#2583 = ORIENTED_EDGE('',*,*,#2562,.F.);
#2584 = ORIENTED_EDGE('',*,*,#143,.T.);
#2585 = ORIENTED_EDGE('',*,*,#2586,.T.);
#2586 = EDGE_CURVE('',#144,#1353,#2587,.T.);
#2587 = LINE('',#2588,#2589);
#2588 = CARTESIAN_POINT('',(109.370711,6.099996,0.));
#2589 = VECTOR('',#2590,1.);
#2590 = DIRECTION('',(0.,0.,1.));
#2591 = ORIENTED_EDGE('',*,*,#1352,.T.);
#2592 = PLANE('',#2593);
#2593 = AXIS2_PLACEMENT_3D('',#2594,#2595,#2596);
#2594 = CARTESIAN_POINT('',(109.370711,13.999996,0.95));
#2595 = DIRECTION('',(-1.,-0.,-0.));
#2596 = DIRECTION('',(0.,0.,-1.));
#2597 = ADVANCED_FACE('',(#2598),#2609,.T.);
#2598 = FACE_BOUND('',#2599,.T.);
#2599 = EDGE_LOOP('',(#2600,#2601,#2602,#2608));
#2600 = ORIENTED_EDGE('',*,*,#2569,.T.);
#2601 = ORIENTED_EDGE('',*,*,#1386,.T.);
#2602 = ORIENTED_EDGE('',*,*,#2603,.F.);
#2603 = EDGE_CURVE('',#168,#1379,#2604,.T.);
#2604 = LINE('',#2605,#2606);
#2605 = CARTESIAN_POINT('',(95.570711,15.499996,0.));
#2606 = VECTOR('',#2607,1.);
#2607 = DIRECTION('',(0.,0.,1.));
#2608 = ORIENTED_EDGE('',*,*,#175,.F.);
#2609 = PLANE('',#2610);
#2610 = AXIS2_PLACEMENT_3D('',#2611,#2612,#2613);
#2611 = CARTESIAN_POINT('',(95.570711,21.899996,0.));
#2612 = DIRECTION('',(1.,0.,0.));
#2613 = DIRECTION('',(0.,-1.,0.));
#2614 = ADVANCED_FACE('',(#2615),#2626,.F.);
#2615 = FACE_BOUND('',#2616,.F.);
#2616 = EDGE_LOOP('',(#2617,#2618,#2619,#2625));
#2617 = ORIENTED_EDGE('',*,*,#2586,.T.);
#2618 = ORIENTED_EDGE('',*,*,#1362,.T.);
#2619 = ORIENTED_EDGE('',*,*,#2620,.F.);
#2620 = EDGE_CURVE('',#152,#1363,#2621,.T.);
#2621 = LINE('',#2622,#2623);
#2622 = CARTESIAN_POINT('',(91.770711,6.099996,0.));
#2623 = VECTOR('',#2624,1.);
#2624 = DIRECTION('',(0.,0.,1.));
#2625 = ORIENTED_EDGE('',*,*,#151,.F.);
#2626 = PLANE('',#2627);
#2627 = AXIS2_PLACEMENT_3D('',#2628,#2629,#2630);
#2628 = CARTESIAN_POINT('',(109.370711,6.099996,0.));
#2629 = DIRECTION('',(0.,-1.,0.));
#2630 = DIRECTION('',(-1.,0.,0.));
#2631 = ADVANCED_FACE('',(#2632),#2643,.F.);
#2632 = FACE_BOUND('',#2633,.F.);
#2633 = EDGE_LOOP('',(#2634,#2640,#2641,#2642));
#2634 = ORIENTED_EDGE('',*,*,#2635,.T.);
#2635 = EDGE_CURVE('',#160,#1371,#2636,.T.);
#2636 = LINE('',#2637,#2638);
#2637 = CARTESIAN_POINT('',(91.770711,15.499996,0.));
#2638 = VECTOR('',#2639,1.);
#2639 = DIRECTION('',(0.,0.,1.));
#2640 = ORIENTED_EDGE('',*,*,#1378,.T.);
#2641 = ORIENTED_EDGE('',*,*,#2603,.F.);
#2642 = ORIENTED_EDGE('',*,*,#167,.F.);
#2643 = PLANE('',#2644);
#2644 = AXIS2_PLACEMENT_3D('',#2645,#2646,#2647);
#2645 = CARTESIAN_POINT('',(91.770711,15.499996,0.));
#2646 = DIRECTION('',(0.,1.,0.));
#2647 = DIRECTION('',(1.,0.,0.));
#2648 = ADVANCED_FACE('',(#2649),#2655,.F.);
#2649 = FACE_BOUND('',#2650,.F.);
#2650 = EDGE_LOOP('',(#2651,#2652,#2653,#2654));
#2651 = ORIENTED_EDGE('',*,*,#2620,.T.);
#2652 = ORIENTED_EDGE('',*,*,#1370,.T.);
#2653 = ORIENTED_EDGE('',*,*,#2635,.F.);
#2654 = ORIENTED_EDGE('',*,*,#159,.F.);
#2655 = PLANE('',#2656);
#2656 = AXIS2_PLACEMENT_3D('',#2657,#2658,#2659);
#2657 = CARTESIAN_POINT('',(91.770711,6.099996,0.));
#2658 = DIRECTION('',(-1.,0.,0.));
#2659 = DIRECTION('',(0.,1.,0.));
#2660 = ADVANCED_FACE('',(#2661),#2677,.T.);
#2661 = FACE_BOUND('',#2662,.T.);
#2662 = EDGE_LOOP('',(#2663,#2669,#2670,#2676));
#2663 = ORIENTED_EDGE('',*,*,#2664,.T.);
#2664 = EDGE_CURVE('',#186,#1403,#2665,.T.);
#2665 = LINE('',#2666,#2667);
#2666 = CARTESIAN_POINT('',(94.170711,21.3,0.));
#2667 = VECTOR('',#2668,1.);
#2668 = DIRECTION('',(0.,0.,1.));
#2669 = ORIENTED_EDGE('',*,*,#1402,.T.);
#2670 = ORIENTED_EDGE('',*,*,#2671,.F.);
#2671 = EDGE_CURVE('',#184,#1405,#2672,.T.);
#2672 = LINE('',#2673,#2674);
#2673 = CARTESIAN_POINT('',(94.170711,37.1,0.));
#2674 = VECTOR('',#2675,1.);
#2675 = DIRECTION('',(0.,0.,1.));
#2676 = ORIENTED_EDGE('',*,*,#183,.T.);
#2677 = PLANE('',#2678);
#2678 = AXIS2_PLACEMENT_3D('',#2679,#2680,#2681);
#2679 = CARTESIAN_POINT('',(94.170711,29.2,0.95));
#2680 = DIRECTION('',(-1.,-0.,-0.));
#2681 = DIRECTION('',(0.,0.,-1.));
#2682 = ADVANCED_FACE('',(#2683),#2694,.T.);
#2683 = FACE_BOUND('',#2684,.T.);
#2684 = EDGE_LOOP('',(#2685,#2686,#2687,#2693));
#2685 = ORIENTED_EDGE('',*,*,#2671,.T.);
#2686 = ORIENTED_EDGE('',*,*,#1444,.T.);
#2687 = ORIENTED_EDGE('',*,*,#2688,.F.);
#2688 = EDGE_CURVE('',#218,#1437,#2689,.T.);
#2689 = LINE('',#2690,#2691);
#2690 = CARTESIAN_POINT('',(80.370711,37.1,0.));
#2691 = VECTOR('',#2692,1.);
#2692 = DIRECTION('',(0.,0.,1.));
#2693 = ORIENTED_EDGE('',*,*,#225,.F.);
#2694 = PLANE('',#2695);
#2695 = AXIS2_PLACEMENT_3D('',#2696,#2697,#2698);
#2696 = CARTESIAN_POINT('',(94.170711,37.1,0.));
#2697 = DIRECTION('',(0.,-1.,0.));
#2698 = DIRECTION('',(-1.,0.,0.));
#2699 = ADVANCED_FACE('',(#2700),#2711,.F.);
#2700 = FACE_BOUND('',#2701,.F.);
#2701 = EDGE_LOOP('',(#2702,#2703,#2704,#2710));
#2702 = ORIENTED_EDGE('',*,*,#2664,.T.);
#2703 = ORIENTED_EDGE('',*,*,#1412,.T.);
#2704 = ORIENTED_EDGE('',*,*,#2705,.F.);
#2705 = EDGE_CURVE('',#194,#1413,#2706,.T.);
#2706 = LINE('',#2707,#2708);
#2707 = CARTESIAN_POINT('',(76.570711,21.3,0.));
#2708 = VECTOR('',#2709,1.);
#2709 = DIRECTION('',(0.,0.,1.));
#2710 = ORIENTED_EDGE('',*,*,#193,.F.);
#2711 = PLANE('',#2712);
#2712 = AXIS2_PLACEMENT_3D('',#2713,#2714,#2715);
#2713 = CARTESIAN_POINT('',(94.170711,21.3,0.));
#2714 = DIRECTION('',(0.,-1.,0.));
#2715 = DIRECTION('',(-1.,0.,0.));
#2716 = ADVANCED_FACE('',(#2717),#2728,.T.);
#2717 = FACE_BOUND('',#2718,.T.);
#2718 = EDGE_LOOP('',(#2719,#2720,#2721,#2727));
#2719 = ORIENTED_EDGE('',*,*,#2688,.T.);
#2720 = ORIENTED_EDGE('',*,*,#1436,.T.);
#2721 = ORIENTED_EDGE('',*,*,#2722,.F.);
#2722 = EDGE_CURVE('',#210,#1429,#2723,.T.);
#2723 = LINE('',#2724,#2725);
#2724 = CARTESIAN_POINT('',(80.370711,30.7,0.));
#2725 = VECTOR('',#2726,1.);
#2726 = DIRECTION('',(0.,0.,1.));
#2727 = ORIENTED_EDGE('',*,*,#217,.F.);
#2728 = PLANE('',#2729);
#2729 = AXIS2_PLACEMENT_3D('',#2730,#2731,#2732);
#2730 = CARTESIAN_POINT('',(80.370711,37.1,0.));
#2731 = DIRECTION('',(1.,0.,0.));
#2732 = DIRECTION('',(0.,-1.,0.));
#2733 = ADVANCED_FACE('',(#2734),#2745,.F.);
#2734 = FACE_BOUND('',#2735,.F.);
#2735 = EDGE_LOOP('',(#2736,#2737,#2738,#2744));
#2736 = ORIENTED_EDGE('',*,*,#2705,.T.);
#2737 = ORIENTED_EDGE('',*,*,#1420,.T.);
#2738 = ORIENTED_EDGE('',*,*,#2739,.F.);
#2739 = EDGE_CURVE('',#202,#1421,#2740,.T.);
#2740 = LINE('',#2741,#2742);
#2741 = CARTESIAN_POINT('',(76.570711,30.7,0.));
#2742 = VECTOR('',#2743,1.);
#2743 = DIRECTION('',(0.,0.,1.));
#2744 = ORIENTED_EDGE('',*,*,#201,.F.);
#2745 = PLANE('',#2746);
#2746 = AXIS2_PLACEMENT_3D('',#2747,#2748,#2749);
#2747 = CARTESIAN_POINT('',(76.570711,21.3,0.));
#2748 = DIRECTION('',(-1.,0.,0.));
#2749 = DIRECTION('',(0.,1.,0.));
#2750 = ADVANCED_FACE('',(#2751),#2757,.F.);
#2751 = FACE_BOUND('',#2752,.F.);
#2752 = EDGE_LOOP('',(#2753,#2754,#2755,#2756));
#2753 = ORIENTED_EDGE('',*,*,#2739,.T.);
#2754 = ORIENTED_EDGE('',*,*,#1428,.T.);
#2755 = ORIENTED_EDGE('',*,*,#2722,.F.);
#2756 = ORIENTED_EDGE('',*,*,#209,.F.);
#2757 = PLANE('',#2758);
#2758 = AXIS2_PLACEMENT_3D('',#2759,#2760,#2761);
#2759 = CARTESIAN_POINT('',(76.570711,30.7,0.));
#2760 = DIRECTION('',(0.,1.,0.));
#2761 = DIRECTION('',(1.,0.,0.));
#2762 = ADVANCED_FACE('',(#2763),#2779,.T.);
#2763 = FACE_BOUND('',#2764,.T.);
#2764 = EDGE_LOOP('',(#2765,#2771,#2772,#2778));
#2765 = ORIENTED_EDGE('',*,*,#2766,.T.);
#2766 = EDGE_CURVE('',#234,#1455,#2767,.T.);
#2767 = LINE('',#2768,#2769);
#2768 = CARTESIAN_POINT('',(161.770711,52.299996,0.));
#2769 = VECTOR('',#2770,1.);
#2770 = DIRECTION('',(0.,0.,1.));
#2771 = ORIENTED_EDGE('',*,*,#1590,.T.);
#2772 = ORIENTED_EDGE('',*,*,#2773,.F.);
#2773 = EDGE_CURVE('',#236,#1583,#2774,.T.);
#2774 = LINE('',#2775,#2776);
#2775 = CARTESIAN_POINT('',(147.970711,52.299996,0.));
#2776 = VECTOR('',#2777,1.);
#2777 = DIRECTION('',(0.,0.,1.));
#2778 = ORIENTED_EDGE('',*,*,#233,.F.);
#2779 = PLANE('',#2780);
#2780 = AXIS2_PLACEMENT_3D('',#2781,#2782,#2783);
#2781 = CARTESIAN_POINT('',(161.770711,52.299996,0.));
#2782 = DIRECTION('',(0.,-1.,0.));
#2783 = DIRECTION('',(-1.,0.,0.));
#2784 = ADVANCED_FACE('',(#2785),#2796,.T.);
#2785 = FACE_BOUND('',#2786,.T.);
#2786 = EDGE_LOOP('',(#2787,#2788,#2789,#2795));
#2787 = ORIENTED_EDGE('',*,*,#2766,.F.);
#2788 = ORIENTED_EDGE('',*,*,#243,.T.);
#2789 = ORIENTED_EDGE('',*,*,#2790,.T.);
#2790 = EDGE_CURVE('',#244,#1453,#2791,.T.);
#2791 = LINE('',#2792,#2793);
#2792 = CARTESIAN_POINT('',(161.770711,36.499996,0.));
#2793 = VECTOR('',#2794,1.);
#2794 = DIRECTION('',(0.,0.,1.));
#2795 = ORIENTED_EDGE('',*,*,#1452,.T.);
#2796 = PLANE('',#2797);
#2797 = AXIS2_PLACEMENT_3D('',#2798,#2799,#2800);
#2798 = CARTESIAN_POINT('',(161.770711,44.399996,0.95));
#2799 = DIRECTION('',(-1.,-0.,-0.));
#2800 = DIRECTION('',(0.,0.,-1.));
#2801 = ADVANCED_FACE('',(#2802),#2813,.T.);
#2802 = FACE_BOUND('',#2803,.T.);
#2803 = EDGE_LOOP('',(#2804,#2805,#2806,#2812));
#2804 = ORIENTED_EDGE('',*,*,#2773,.T.);
#2805 = ORIENTED_EDGE('',*,*,#1582,.T.);
#2806 = ORIENTED_EDGE('',*,*,#2807,.F.);
#2807 = EDGE_CURVE('',#364,#1575,#2808,.T.);
#2808 = LINE('',#2809,#2810);
#2809 = CARTESIAN_POINT('',(147.970711,45.899996,0.));
#2810 = VECTOR('',#2811,1.);
#2811 = DIRECTION('',(0.,0.,1.));
#2812 = ORIENTED_EDGE('',*,*,#371,.F.);
#2813 = PLANE('',#2814);
#2814 = AXIS2_PLACEMENT_3D('',#2815,#2816,#2817);
#2815 = CARTESIAN_POINT('',(147.970711,52.299996,0.));
#2816 = DIRECTION('',(1.,0.,0.));
#2817 = DIRECTION('',(0.,-1.,0.));
#2818 = ADVANCED_FACE('',(#2819),#2830,.T.);
#2819 = FACE_BOUND('',#2820,.T.);
#2820 = EDGE_LOOP('',(#2821,#2827,#2828,#2829));
#2821 = ORIENTED_EDGE('',*,*,#2822,.T.);
#2822 = EDGE_CURVE('',#252,#1463,#2823,.T.);
#2823 = LINE('',#2824,#2825);
#2824 = CARTESIAN_POINT('',(146.570711,36.499996,0.));
#2825 = VECTOR('',#2826,1.);
#2826 = DIRECTION('',(0.,0.,1.));
#2827 = ORIENTED_EDGE('',*,*,#1462,.T.);
#2828 = ORIENTED_EDGE('',*,*,#2790,.F.);
#2829 = ORIENTED_EDGE('',*,*,#251,.F.);
#2830 = PLANE('',#2831);
#2831 = AXIS2_PLACEMENT_3D('',#2832,#2833,#2834);
#2832 = CARTESIAN_POINT('',(146.570711,36.499996,0.));
#2833 = DIRECTION('',(0.,1.,0.));
#2834 = DIRECTION('',(1.,0.,0.));
#2835 = ADVANCED_FACE('',(#2836),#2847,.T.);
#2836 = FACE_BOUND('',#2837,.T.);
#2837 = EDGE_LOOP('',(#2838,#2839,#2840,#2846));
#2838 = ORIENTED_EDGE('',*,*,#2807,.T.);
#2839 = ORIENTED_EDGE('',*,*,#1574,.T.);
#2840 = ORIENTED_EDGE('',*,*,#2841,.F.);
#2841 = EDGE_CURVE('',#356,#1567,#2842,.T.);
#2842 = LINE('',#2843,#2844);
#2843 = CARTESIAN_POINT('',(144.170711,45.899996,0.));
#2844 = VECTOR('',#2845,1.);
#2845 = DIRECTION('',(0.,0.,1.));
#2846 = ORIENTED_EDGE('',*,*,#363,.F.);
#2847 = PLANE('',#2848);
#2848 = AXIS2_PLACEMENT_3D('',#2849,#2850,#2851);
#2849 = CARTESIAN_POINT('',(147.970711,45.899996,0.));
#2850 = DIRECTION('',(0.,-1.,0.));
#2851 = DIRECTION('',(-1.,0.,0.));
#2852 = ADVANCED_FACE('',(#2853),#2864,.T.);
#2853 = FACE_BOUND('',#2854,.T.);
#2854 = EDGE_LOOP('',(#2855,#2861,#2862,#2863));
#2855 = ORIENTED_EDGE('',*,*,#2856,.T.);
#2856 = EDGE_CURVE('',#260,#1471,#2857,.T.);
#2857 = LINE('',#2858,#2859);
#2858 = CARTESIAN_POINT('',(146.570711,21.299996,0.));
#2859 = VECTOR('',#2860,1.);
#2860 = DIRECTION('',(0.,0.,1.));
#2861 = ORIENTED_EDGE('',*,*,#1470,.F.);
#2862 = ORIENTED_EDGE('',*,*,#2822,.F.);
#2863 = ORIENTED_EDGE('',*,*,#259,.T.);
#2864 = PLANE('',#2865);
#2865 = AXIS2_PLACEMENT_3D('',#2866,#2867,#2868);
#2866 = CARTESIAN_POINT('',(146.570711,28.899996,0.95));
#2867 = DIRECTION('',(-1.,-0.,-0.));
#2868 = DIRECTION('',(0.,0.,-1.));
#2869 = ADVANCED_FACE('',(#2870),#2881,.T.);
#2870 = FACE_BOUND('',#2871,.T.);
#2871 = EDGE_LOOP('',(#2872,#2873,#2874,#2880));
#2872 = ORIENTED_EDGE('',*,*,#2841,.T.);
#2873 = ORIENTED_EDGE('',*,*,#1566,.T.);
#2874 = ORIENTED_EDGE('',*,*,#2875,.F.);
#2875 = EDGE_CURVE('',#348,#1559,#2876,.T.);
#2876 = LINE('',#2877,#2878);
#2877 = CARTESIAN_POINT('',(144.170711,37.099996,0.));
#2878 = VECTOR('',#2879,1.);
#2879 = DIRECTION('',(0.,0.,1.));
#2880 = ORIENTED_EDGE('',*,*,#355,.F.);
#2881 = PLANE('',#2882);
#2882 = AXIS2_PLACEMENT_3D('',#2883,#2884,#2885);
#2883 = CARTESIAN_POINT('',(144.170711,45.899996,0.));
#2884 = DIRECTION('',(1.,0.,0.));
#2885 = DIRECTION('',(0.,-1.,0.));
#2886 = ADVANCED_FACE('',(#2887),#2898,.T.);
#2887 = FACE_BOUND('',#2888,.T.);
#2888 = EDGE_LOOP('',(#2889,#2895,#2896,#2897));
#2889 = ORIENTED_EDGE('',*,*,#2890,.T.);
#2890 = EDGE_CURVE('',#268,#1479,#2891,.T.);
#2891 = LINE('',#2892,#2893);
#2892 = CARTESIAN_POINT('',(131.370711,21.299996,0.));
#2893 = VECTOR('',#2894,1.);
#2894 = DIRECTION('',(0.,0.,1.));
#2895 = ORIENTED_EDGE('',*,*,#1478,.T.);
#2896 = ORIENTED_EDGE('',*,*,#2856,.F.);
#2897 = ORIENTED_EDGE('',*,*,#267,.F.);
#2898 = PLANE('',#2899);
#2899 = AXIS2_PLACEMENT_3D('',#2900,#2901,#2902);
#2900 = CARTESIAN_POINT('',(131.370711,21.299996,0.));
#2901 = DIRECTION('',(0.,1.,0.));
#2902 = DIRECTION('',(1.,0.,0.));
#2903 = ADVANCED_FACE('',(#2904),#2915,.T.);
#2904 = FACE_BOUND('',#2905,.T.);
#2905 = EDGE_LOOP('',(#2906,#2907,#2908,#2914));
#2906 = ORIENTED_EDGE('',*,*,#2875,.T.);
#2907 = ORIENTED_EDGE('',*,*,#1558,.T.);
#2908 = ORIENTED_EDGE('',*,*,#2909,.F.);
#2909 = EDGE_CURVE('',#340,#1551,#2910,.T.);
#2910 = LINE('',#2911,#2912);
#2911 = CARTESIAN_POINT('',(132.770711,37.099996,0.));
#2912 = VECTOR('',#2913,1.);
#2913 = DIRECTION('',(0.,0.,1.));
#2914 = ORIENTED_EDGE('',*,*,#347,.F.);
#2915 = PLANE('',#2916);
#2916 = AXIS2_PLACEMENT_3D('',#2917,#2918,#2919);
#2917 = CARTESIAN_POINT('',(144.170711,37.099996,0.));
#2918 = DIRECTION('',(0.,-1.,0.));
#2919 = DIRECTION('',(-1.,0.,0.));
#2920 = ADVANCED_FACE('',(#2921),#2932,.T.);
#2921 = FACE_BOUND('',#2922,.T.);
#2922 = EDGE_LOOP('',(#2923,#2929,#2930,#2931));
#2923 = ORIENTED_EDGE('',*,*,#2924,.T.);
#2924 = EDGE_CURVE('',#276,#1487,#2925,.T.);
#2925 = LINE('',#2926,#2927);
#2926 = CARTESIAN_POINT('',(131.370711,6.099996,0.));
#2927 = VECTOR('',#2928,1.);
#2928 = DIRECTION('',(0.,0.,1.));
#2929 = ORIENTED_EDGE('',*,*,#1486,.F.);
#2930 = ORIENTED_EDGE('',*,*,#2890,.F.);
#2931 = ORIENTED_EDGE('',*,*,#275,.T.);
#2932 = PLANE('',#2933);
#2933 = AXIS2_PLACEMENT_3D('',#2934,#2935,#2936);
#2934 = CARTESIAN_POINT('',(131.370711,13.699996,0.95));
#2935 = DIRECTION('',(-1.,-0.,-0.));
#2936 = DIRECTION('',(0.,0.,-1.));
#2937 = ADVANCED_FACE('',(#2938),#2949,.T.);
#2938 = FACE_BOUND('',#2939,.T.);
#2939 = EDGE_LOOP('',(#2940,#2941,#2942,#2948));
#2940 = ORIENTED_EDGE('',*,*,#2909,.T.);
#2941 = ORIENTED_EDGE('',*,*,#1550,.T.);
#2942 = ORIENTED_EDGE('',*,*,#2943,.F.);
#2943 = EDGE_CURVE('',#332,#1543,#2944,.T.);
#2944 = LINE('',#2945,#2946);
#2945 = CARTESIAN_POINT('',(132.770711,30.699996,0.));
#2946 = VECTOR('',#2947,1.);
#2947 = DIRECTION('',(0.,0.,1.));
#2948 = ORIENTED_EDGE('',*,*,#339,.F.);
#2949 = PLANE('',#2950);
#2950 = AXIS2_PLACEMENT_3D('',#2951,#2952,#2953);
#2951 = CARTESIAN_POINT('',(132.770711,37.099996,0.));
#2952 = DIRECTION('',(1.,0.,0.));
#2953 = DIRECTION('',(0.,-1.,0.));
#2954 = ADVANCED_FACE('',(#2955),#2966,.T.);
#2955 = FACE_BOUND('',#2956,.T.);
#2956 = EDGE_LOOP('',(#2957,#2963,#2964,#2965));
#2957 = ORIENTED_EDGE('',*,*,#2958,.T.);
#2958 = EDGE_CURVE('',#284,#1495,#2959,.T.);
#2959 = LINE('',#2960,#2961);
#2960 = CARTESIAN_POINT('',(113.770711,6.099996,0.));
#2961 = VECTOR('',#2962,1.);
#2962 = DIRECTION('',(0.,0.,1.));
#2963 = ORIENTED_EDGE('',*,*,#1494,.T.);
#2964 = ORIENTED_EDGE('',*,*,#2924,.F.);
#2965 = ORIENTED_EDGE('',*,*,#283,.F.);
#2966 = PLANE('',#2967);
#2967 = AXIS2_PLACEMENT_3D('',#2968,#2969,#2970);
#2968 = CARTESIAN_POINT('',(113.770711,6.099996,0.));
#2969 = DIRECTION('',(0.,1.,0.));
#2970 = DIRECTION('',(1.,0.,0.));
#2971 = ADVANCED_FACE('',(#2972),#2983,.T.);
#2972 = FACE_BOUND('',#2973,.T.);
#2973 = EDGE_LOOP('',(#2974,#2975,#2976,#2982));
#2974 = ORIENTED_EDGE('',*,*,#2943,.T.);
#2975 = ORIENTED_EDGE('',*,*,#1542,.T.);
#2976 = ORIENTED_EDGE('',*,*,#2977,.F.);
#2977 = EDGE_CURVE('',#324,#1535,#2978,.T.);
#2978 = LINE('',#2979,#2980);
#2979 = CARTESIAN_POINT('',(128.970711,30.699996,0.));
#2980 = VECTOR('',#2981,1.);
#2981 = DIRECTION('',(0.,0.,1.));
#2982 = ORIENTED_EDGE('',*,*,#331,.F.);
#2983 = PLANE('',#2984);
#2984 = AXIS2_PLACEMENT_3D('',#2985,#2986,#2987);
#2985 = CARTESIAN_POINT('',(132.770711,30.699996,0.));
#2986 = DIRECTION('',(0.,-1.,0.));
#2987 = DIRECTION('',(-1.,0.,0.));
#2988 = ADVANCED_FACE('',(#2989),#3000,.T.);
#2989 = FACE_BOUND('',#2990,.T.);
#2990 = EDGE_LOOP('',(#2991,#2997,#2998,#2999));
#2991 = ORIENTED_EDGE('',*,*,#2992,.T.);
#2992 = EDGE_CURVE('',#292,#1503,#2993,.T.);
#2993 = LINE('',#2994,#2995);
#2994 = CARTESIAN_POINT('',(113.770711,15.499996,0.));
#2995 = VECTOR('',#2996,1.);
#2996 = DIRECTION('',(0.,0.,1.));
#2997 = ORIENTED_EDGE('',*,*,#1502,.T.);
#2998 = ORIENTED_EDGE('',*,*,#2958,.F.);
#2999 = ORIENTED_EDGE('',*,*,#291,.F.);
#3000 = PLANE('',#3001);
#3001 = AXIS2_PLACEMENT_3D('',#3002,#3003,#3004);
#3002 = CARTESIAN_POINT('',(113.770711,15.499996,0.));
#3003 = DIRECTION('',(1.,0.,0.));
#3004 = DIRECTION('',(0.,-1.,0.));
#3005 = ADVANCED_FACE('',(#3006),#3017,.T.);
#3006 = FACE_BOUND('',#3007,.T.);
#3007 = EDGE_LOOP('',(#3008,#3009,#3010,#3016));
#3008 = ORIENTED_EDGE('',*,*,#2977,.T.);
#3009 = ORIENTED_EDGE('',*,*,#1534,.T.);
#3010 = ORIENTED_EDGE('',*,*,#3011,.F.);
#3011 = EDGE_CURVE('',#316,#1527,#3012,.T.);
#3012 = LINE('',#3013,#3014);
#3013 = CARTESIAN_POINT('',(128.970711,21.899996,0.));
#3014 = VECTOR('',#3015,1.);
#3015 = DIRECTION('',(0.,0.,1.));
#3016 = ORIENTED_EDGE('',*,*,#323,.F.);
#3017 = PLANE('',#3018);
#3018 = AXIS2_PLACEMENT_3D('',#3019,#3020,#3021);
#3019 = CARTESIAN_POINT('',(128.970711,30.699996,0.));
#3020 = DIRECTION('',(1.,0.,0.));
#3021 = DIRECTION('',(0.,-1.,0.));
#3022 = ADVANCED_FACE('',(#3023),#3034,.T.);
#3023 = FACE_BOUND('',#3024,.T.);
#3024 = EDGE_LOOP('',(#3025,#3031,#3032,#3033));
#3025 = ORIENTED_EDGE('',*,*,#3026,.T.);
#3026 = EDGE_CURVE('',#300,#1511,#3027,.T.);
#3027 = LINE('',#3028,#3029);
#3028 = CARTESIAN_POINT('',(117.570711,15.499996,0.));
#3029 = VECTOR('',#3030,1.);
#3030 = DIRECTION('',(0.,0.,1.));
#3031 = ORIENTED_EDGE('',*,*,#1510,.T.);
#3032 = ORIENTED_EDGE('',*,*,#2992,.F.);
#3033 = ORIENTED_EDGE('',*,*,#299,.F.);
#3034 = PLANE('',#3035);
#3035 = AXIS2_PLACEMENT_3D('',#3036,#3037,#3038);
#3036 = CARTESIAN_POINT('',(117.570711,15.499996,0.));
#3037 = DIRECTION('',(0.,-1.,0.));
#3038 = DIRECTION('',(-1.,0.,0.));
#3039 = ADVANCED_FACE('',(#3040),#3051,.T.);
#3040 = FACE_BOUND('',#3041,.T.);
#3041 = EDGE_LOOP('',(#3042,#3043,#3044,#3050));
#3042 = ORIENTED_EDGE('',*,*,#3011,.T.);
#3043 = ORIENTED_EDGE('',*,*,#1526,.T.);
#3044 = ORIENTED_EDGE('',*,*,#3045,.F.);
#3045 = EDGE_CURVE('',#308,#1519,#3046,.T.);
#3046 = LINE('',#3047,#3048);
#3047 = CARTESIAN_POINT('',(117.570711,21.899996,0.));
#3048 = VECTOR('',#3049,1.);
#3049 = DIRECTION('',(0.,0.,1.));
#3050 = ORIENTED_EDGE('',*,*,#315,.F.);
#3051 = PLANE('',#3052);
#3052 = AXIS2_PLACEMENT_3D('',#3053,#3054,#3055);
#3053 = CARTESIAN_POINT('',(128.970711,21.899996,0.));
#3054 = DIRECTION('',(0.,-1.,0.));
#3055 = DIRECTION('',(-1.,0.,0.));
#3056 = ADVANCED_FACE('',(#3057),#3063,.T.);
#3057 = FACE_BOUND('',#3058,.T.);
#3058 = EDGE_LOOP('',(#3059,#3060,#3061,#3062));
#3059 = ORIENTED_EDGE('',*,*,#3045,.T.);
#3060 = ORIENTED_EDGE('',*,*,#1518,.T.);
#3061 = ORIENTED_EDGE('',*,*,#3026,.F.);
#3062 = ORIENTED_EDGE('',*,*,#307,.F.);
#3063 = PLANE('',#3064);
#3064 = AXIS2_PLACEMENT_3D('',#3065,#3066,#3067);
#3065 = CARTESIAN_POINT('',(117.570711,21.899996,0.));
#3066 = DIRECTION('',(1.,0.,0.));
#3067 = DIRECTION('',(0.,-1.,0.));
#3068 = ADVANCED_FACE('',(#3069),#3080,.F.);
#3069 = FACE_BOUND('',#3070,.F.);
#3070 = EDGE_LOOP('',(#3071,#3072,#3078,#3079));
#3071 = ORIENTED_EDGE('',*,*,#1598,.F.);
#3072 = ORIENTED_EDGE('',*,*,#3073,.T.);
#3073 = EDGE_CURVE('',#1599,#380,#3074,.T.);
#3074 = LINE('',#3075,#3076);
#3075 = CARTESIAN_POINT('',(215.1,13.,1.9));
#3076 = VECTOR('',#3077,1.);
#3077 = DIRECTION('',(-0.,-0.,-1.));
#3078 = ORIENTED_EDGE('',*,*,#379,.T.);
#3079 = ORIENTED_EDGE('',*,*,#3073,.F.);
#3080 = CYLINDRICAL_SURFACE('',#3081,2.1);
#3081 = AXIS2_PLACEMENT_3D('',#3082,#3083,#3084);
#3082 = CARTESIAN_POINT('',(213.,13.,1.9));
#3083 = DIRECTION('',(0.,0.,1.));
#3084 = DIRECTION('',(1.,0.,0.));
#3085 = ADVANCED_FACE('',(#3086),#3102,.T.);
#3086 = FACE_BOUND('',#3087,.T.);
#3087 = EDGE_LOOP('',(#3088,#3094,#3095,#3101));
#3088 = ORIENTED_EDGE('',*,*,#3089,.T.);
#3089 = EDGE_CURVE('',#391,#1612,#3090,.T.);
#3090 = LINE('',#3091,#3092);
#3091 = CARTESIAN_POINT('',(141.570711,59.999996,0.));
#3092 = VECTOR('',#3093,1.);
#3093 = DIRECTION('',(0.,0.,1.));
#3094 = ORIENTED_EDGE('',*,*,#1699,.T.);
#3095 = ORIENTED_EDGE('',*,*,#3096,.F.);
#3096 = EDGE_CURVE('',#393,#1692,#3097,.T.);
#3097 = LINE('',#3098,#3099);
#3098 = CARTESIAN_POINT('',(127.770711,59.999996,0.));
#3099 = VECTOR('',#3100,1.);
#3100 = DIRECTION('',(0.,0.,1.));
#3101 = ORIENTED_EDGE('',*,*,#390,.F.);
#3102 = PLANE('',#3103);
#3103 = AXIS2_PLACEMENT_3D('',#3104,#3105,#3106);
#3104 = CARTESIAN_POINT('',(141.570711,59.999996,0.));
#3105 = DIRECTION('',(0.,-1.,0.));
#3106 = DIRECTION('',(-1.,0.,0.));
#3107 = ADVANCED_FACE('',(#3108),#3119,.T.);
#3108 = FACE_BOUND('',#3109,.T.);
#3109 = EDGE_LOOP('',(#3110,#3111,#3112,#3118));
#3110 = ORIENTED_EDGE('',*,*,#3089,.F.);
#3111 = ORIENTED_EDGE('',*,*,#400,.T.);
#3112 = ORIENTED_EDGE('',*,*,#3113,.T.);
#3113 = EDGE_CURVE('',#401,#1610,#3114,.T.);
#3114 = LINE('',#3115,#3116);
#3115 = CARTESIAN_POINT('',(141.570711,44.199996,0.));
#3116 = VECTOR('',#3117,1.);
#3117 = DIRECTION('',(0.,0.,1.));
#3118 = ORIENTED_EDGE('',*,*,#1609,.T.);
#3119 = PLANE('',#3120);
#3120 = AXIS2_PLACEMENT_3D('',#3121,#3122,#3123);
#3121 = CARTESIAN_POINT('',(141.570711,52.099996,0.95));
#3122 = DIRECTION('',(-1.,-0.,-0.));
#3123 = DIRECTION('',(0.,0.,-1.));
#3124 = ADVANCED_FACE('',(#3125),#3136,.T.);
#3125 = FACE_BOUND('',#3126,.T.);
#3126 = EDGE_LOOP('',(#3127,#3128,#3129,#3135));
#3127 = ORIENTED_EDGE('',*,*,#3096,.T.);
#3128 = ORIENTED_EDGE('',*,*,#1691,.T.);
#3129 = ORIENTED_EDGE('',*,*,#3130,.F.);
#3130 = EDGE_CURVE('',#473,#1684,#3131,.T.);
#3131 = LINE('',#3132,#3133);
#3132 = CARTESIAN_POINT('',(127.770711,53.599996,0.));
#3133 = VECTOR('',#3134,1.);
#3134 = DIRECTION('',(0.,0.,1.));
#3135 = ORIENTED_EDGE('',*,*,#480,.F.);
#3136 = PLANE('',#3137);
#3137 = AXIS2_PLACEMENT_3D('',#3138,#3139,#3140);
#3138 = CARTESIAN_POINT('',(127.770711,59.999996,0.));
#3139 = DIRECTION('',(1.,0.,0.));
#3140 = DIRECTION('',(0.,-1.,0.));
#3141 = ADVANCED_FACE('',(#3142),#3153,.T.);
#3142 = FACE_BOUND('',#3143,.T.);
#3143 = EDGE_LOOP('',(#3144,#3150,#3151,#3152));
#3144 = ORIENTED_EDGE('',*,*,#3145,.T.);
#3145 = EDGE_CURVE('',#409,#1620,#3146,.T.);
#3146 = LINE('',#3147,#3148);
#3147 = CARTESIAN_POINT('',(126.370711,44.199996,0.));
#3148 = VECTOR('',#3149,1.);
#3149 = DIRECTION('',(0.,0.,1.));
#3150 = ORIENTED_EDGE('',*,*,#1619,.T.);
#3151 = ORIENTED_EDGE('',*,*,#3113,.F.);
#3152 = ORIENTED_EDGE('',*,*,#408,.F.);
#3153 = PLANE('',#3154);
#3154 = AXIS2_PLACEMENT_3D('',#3155,#3156,#3157);
#3155 = CARTESIAN_POINT('',(126.370711,44.199996,0.));
#3156 = DIRECTION('',(0.,1.,0.));
#3157 = DIRECTION('',(1.,0.,0.));
#3158 = ADVANCED_FACE('',(#3159),#3170,.T.);
#3159 = FACE_BOUND('',#3160,.T.);
#3160 = EDGE_LOOP('',(#3161,#3162,#3163,#3169));
#3161 = ORIENTED_EDGE('',*,*,#3130,.T.);
#3162 = ORIENTED_EDGE('',*,*,#1683,.T.);
#3163 = ORIENTED_EDGE('',*,*,#3164,.F.);
#3164 = EDGE_CURVE('',#465,#1676,#3165,.T.);
#3165 = LINE('',#3166,#3167);
#3166 = CARTESIAN_POINT('',(123.970711,53.599996,0.));
#3167 = VECTOR('',#3168,1.);
#3168 = DIRECTION('',(0.,0.,1.));
#3169 = ORIENTED_EDGE('',*,*,#472,.F.);
#3170 = PLANE('',#3171);
#3171 = AXIS2_PLACEMENT_3D('',#3172,#3173,#3174);
#3172 = CARTESIAN_POINT('',(127.770711,53.599996,0.));
#3173 = DIRECTION('',(0.,-1.,0.));
#3174 = DIRECTION('',(-1.,0.,0.));
#3175 = ADVANCED_FACE('',(#3176),#3187,.T.);
#3176 = FACE_BOUND('',#3177,.T.);
#3177 = EDGE_LOOP('',(#3178,#3184,#3185,#3186));
#3178 = ORIENTED_EDGE('',*,*,#3179,.T.);
#3179 = EDGE_CURVE('',#417,#1628,#3180,.T.);
#3180 = LINE('',#3181,#3182);
#3181 = CARTESIAN_POINT('',(126.370711,28.999996,0.));
#3182 = VECTOR('',#3183,1.);
#3183 = DIRECTION('',(0.,0.,1.));
#3184 = ORIENTED_EDGE('',*,*,#1627,.F.);
#3185 = ORIENTED_EDGE('',*,*,#3145,.F.);
#3186 = ORIENTED_EDGE('',*,*,#416,.T.);
#3187 = PLANE('',#3188);
#3188 = AXIS2_PLACEMENT_3D('',#3189,#3190,#3191);
#3189 = CARTESIAN_POINT('',(126.370711,36.599996,0.95));
#3190 = DIRECTION('',(-1.,-0.,-0.));
#3191 = DIRECTION('',(0.,0.,-1.));
#3192 = ADVANCED_FACE('',(#3193),#3204,.T.);
#3193 = FACE_BOUND('',#3194,.T.);
#3194 = EDGE_LOOP('',(#3195,#3196,#3197,#3203));
#3195 = ORIENTED_EDGE('',*,*,#3164,.T.);
#3196 = ORIENTED_EDGE('',*,*,#1675,.T.);
#3197 = ORIENTED_EDGE('',*,*,#3198,.F.);
#3198 = EDGE_CURVE('',#457,#1668,#3199,.T.);
#3199 = LINE('',#3200,#3201);
#3200 = CARTESIAN_POINT('',(123.970711,44.799996,0.));
#3201 = VECTOR('',#3202,1.);
#3202 = DIRECTION('',(0.,0.,1.));
#3203 = ORIENTED_EDGE('',*,*,#464,.F.);
#3204 = PLANE('',#3205);
#3205 = AXIS2_PLACEMENT_3D('',#3206,#3207,#3208);
#3206 = CARTESIAN_POINT('',(123.970711,53.599996,0.));
#3207 = DIRECTION('',(1.,0.,0.));
#3208 = DIRECTION('',(0.,-1.,0.));
#3209 = ADVANCED_FACE('',(#3210),#3221,.T.);
#3210 = FACE_BOUND('',#3211,.T.);
#3211 = EDGE_LOOP('',(#3212,#3218,#3219,#3220));
#3212 = ORIENTED_EDGE('',*,*,#3213,.T.);
#3213 = EDGE_CURVE('',#425,#1636,#3214,.T.);
#3214 = LINE('',#3215,#3216);
#3215 = CARTESIAN_POINT('',(108.770711,28.999996,0.));
#3216 = VECTOR('',#3217,1.);
#3217 = DIRECTION('',(0.,0.,1.));
#3218 = ORIENTED_EDGE('',*,*,#1635,.T.);
#3219 = ORIENTED_EDGE('',*,*,#3179,.F.);
#3220 = ORIENTED_EDGE('',*,*,#424,.F.);
#3221 = PLANE('',#3222);
#3222 = AXIS2_PLACEMENT_3D('',#3223,#3224,#3225);
#3223 = CARTESIAN_POINT('',(108.770711,28.999996,0.));
#3224 = DIRECTION('',(0.,1.,0.));
#3225 = DIRECTION('',(1.,0.,0.));
#3226 = ADVANCED_FACE('',(#3227),#3238,.T.);
#3227 = FACE_BOUND('',#3228,.T.);
#3228 = EDGE_LOOP('',(#3229,#3230,#3231,#3237));
#3229 = ORIENTED_EDGE('',*,*,#3198,.T.);
#3230 = ORIENTED_EDGE('',*,*,#1667,.T.);
#3231 = ORIENTED_EDGE('',*,*,#3232,.F.);
#3232 = EDGE_CURVE('',#449,#1660,#3233,.T.);
#3233 = LINE('',#3234,#3235);
#3234 = CARTESIAN_POINT('',(112.570711,44.799996,0.));
#3235 = VECTOR('',#3236,1.);
#3236 = DIRECTION('',(0.,0.,1.));
#3237 = ORIENTED_EDGE('',*,*,#456,.F.);
#3238 = PLANE('',#3239);
#3239 = AXIS2_PLACEMENT_3D('',#3240,#3241,#3242);
#3240 = CARTESIAN_POINT('',(123.970711,44.799996,0.));
#3241 = DIRECTION('',(0.,-1.,0.));
#3242 = DIRECTION('',(-1.,0.,0.));
#3243 = ADVANCED_FACE('',(#3244),#3255,.T.);
#3244 = FACE_BOUND('',#3245,.T.);
#3245 = EDGE_LOOP('',(#3246,#3252,#3253,#3254));
#3246 = ORIENTED_EDGE('',*,*,#3247,.T.);
#3247 = EDGE_CURVE('',#433,#1644,#3248,.T.);
#3248 = LINE('',#3249,#3250);
#3249 = CARTESIAN_POINT('',(108.770711,38.399996,0.));
#3250 = VECTOR('',#3251,1.);
#3251 = DIRECTION('',(0.,0.,1.));
#3252 = ORIENTED_EDGE('',*,*,#1643,.T.);
#3253 = ORIENTED_EDGE('',*,*,#3213,.F.);
#3254 = ORIENTED_EDGE('',*,*,#432,.F.);
#3255 = PLANE('',#3256);
#3256 = AXIS2_PLACEMENT_3D('',#3257,#3258,#3259);
#3257 = CARTESIAN_POINT('',(108.770711,38.399996,0.));
#3258 = DIRECTION('',(1.,0.,0.));
#3259 = DIRECTION('',(0.,-1.,0.));
#3260 = ADVANCED_FACE('',(#3261),#3272,.T.);
#3261 = FACE_BOUND('',#3262,.T.);
#3262 = EDGE_LOOP('',(#3263,#3264,#3265,#3271));
#3263 = ORIENTED_EDGE('',*,*,#3232,.T.);
#3264 = ORIENTED_EDGE('',*,*,#1659,.T.);
#3265 = ORIENTED_EDGE('',*,*,#3266,.F.);
#3266 = EDGE_CURVE('',#441,#1652,#3267,.T.);
#3267 = LINE('',#3268,#3269);
#3268 = CARTESIAN_POINT('',(112.570711,38.399996,0.));
#3269 = VECTOR('',#3270,1.);
#3270 = DIRECTION('',(0.,0.,1.));
#3271 = ORIENTED_EDGE('',*,*,#448,.F.);
#3272 = PLANE('',#3273);
#3273 = AXIS2_PLACEMENT_3D('',#3274,#3275,#3276);
#3274 = CARTESIAN_POINT('',(112.570711,44.799996,0.));
#3275 = DIRECTION('',(1.,0.,0.));
#3276 = DIRECTION('',(0.,-1.,0.));
#3277 = ADVANCED_FACE('',(#3278),#3284,.T.);
#3278 = FACE_BOUND('',#3279,.T.);
#3279 = EDGE_LOOP('',(#3280,#3281,#3282,#3283));
#3280 = ORIENTED_EDGE('',*,*,#3266,.T.);
#3281 = ORIENTED_EDGE('',*,*,#1651,.T.);
#3282 = ORIENTED_EDGE('',*,*,#3247,.F.);
#3283 = ORIENTED_EDGE('',*,*,#440,.F.);
#3284 = PLANE('',#3285);
#3285 = AXIS2_PLACEMENT_3D('',#3286,#3287,#3288);
#3286 = CARTESIAN_POINT('',(112.570711,38.399996,0.));
#3287 = DIRECTION('',(0.,-1.,0.));
#3288 = DIRECTION('',(-1.,0.,0.));
#3289 = ADVANCED_FACE('',(#3290),#3306,.T.);
#3290 = FACE_BOUND('',#3291,.T.);
#3291 = EDGE_LOOP('',(#3292,#3298,#3299,#3305));
#3292 = ORIENTED_EDGE('',*,*,#3293,.T.);
#3293 = EDGE_CURVE('',#489,#1708,#3294,.T.);
#3294 = LINE('',#3295,#3296);
#3295 = CARTESIAN_POINT('',(8.07,89.5,0.));
#3296 = VECTOR('',#3297,1.);
#3297 = DIRECTION('',(0.,0.,1.));
#3298 = ORIENTED_EDGE('',*,*,#1707,.T.);
#3299 = ORIENTED_EDGE('',*,*,#3300,.F.);
#3300 = EDGE_CURVE('',#491,#1710,#3301,.T.);
#3301 = LINE('',#3302,#3303);
#3302 = CARTESIAN_POINT('',(4.27,89.5,0.));
#3303 = VECTOR('',#3304,1.);
#3304 = DIRECTION('',(0.,0.,1.));
#3305 = ORIENTED_EDGE('',*,*,#488,.F.);
#3306 = PLANE('',#3307);
#3307 = AXIS2_PLACEMENT_3D('',#3308,#3309,#3310);
#3308 = CARTESIAN_POINT('',(8.07,89.5,0.));
#3309 = DIRECTION('',(0.,-1.,0.));
#3310 = DIRECTION('',(-1.,0.,0.));
#3311 = ADVANCED_FACE('',(#3312),#3323,.F.);
#3312 = FACE_BOUND('',#3313,.F.);
#3313 = EDGE_LOOP('',(#3314,#3315,#3316,#3322));
#3314 = ORIENTED_EDGE('',*,*,#3293,.T.);
#3315 = ORIENTED_EDGE('',*,*,#1717,.T.);
#3316 = ORIENTED_EDGE('',*,*,#3317,.F.);
#3317 = EDGE_CURVE('',#499,#1718,#3318,.T.);
#3318 = LINE('',#3319,#3320);
#3319 = CARTESIAN_POINT('',(8.07,95.9,0.));
#3320 = VECTOR('',#3321,1.);
#3321 = DIRECTION('',(0.,0.,1.));
#3322 = ORIENTED_EDGE('',*,*,#498,.F.);
#3323 = PLANE('',#3324);
#3324 = AXIS2_PLACEMENT_3D('',#3325,#3326,#3327);
#3325 = CARTESIAN_POINT('',(8.07,89.5,0.));
#3326 = DIRECTION('',(-1.,0.,0.));
#3327 = DIRECTION('',(0.,1.,0.));
#3328 = ADVANCED_FACE('',(#3329),#3340,.T.);
#3329 = FACE_BOUND('',#3330,.T.);
#3330 = EDGE_LOOP('',(#3331,#3332,#3333,#3339));
#3331 = ORIENTED_EDGE('',*,*,#3300,.T.);
#3332 = ORIENTED_EDGE('',*,*,#1749,.T.);
#3333 = ORIENTED_EDGE('',*,*,#3334,.F.);
#3334 = EDGE_CURVE('',#523,#1742,#3335,.T.);
#3335 = LINE('',#3336,#3337);
#3336 = CARTESIAN_POINT('',(4.27,80.1,0.));
#3337 = VECTOR('',#3338,1.);
#3338 = DIRECTION('',(0.,0.,1.));
#3339 = ORIENTED_EDGE('',*,*,#530,.F.);
#3340 = PLANE('',#3341);
#3341 = AXIS2_PLACEMENT_3D('',#3342,#3343,#3344);
#3342 = CARTESIAN_POINT('',(4.27,89.5,0.));
#3343 = DIRECTION('',(1.,0.,0.));
#3344 = DIRECTION('',(0.,-1.,0.));
#3345 = ADVANCED_FACE('',(#3346),#3357,.F.);
#3346 = FACE_BOUND('',#3347,.F.);
#3347 = EDGE_LOOP('',(#3348,#3349,#3350,#3356));
#3348 = ORIENTED_EDGE('',*,*,#3317,.T.);
#3349 = ORIENTED_EDGE('',*,*,#1725,.T.);
#3350 = ORIENTED_EDGE('',*,*,#3351,.F.);
#3351 = EDGE_CURVE('',#507,#1726,#3352,.T.);
#3352 = LINE('',#3353,#3354);
#3353 = CARTESIAN_POINT('',(21.87,95.9,0.));
#3354 = VECTOR('',#3355,1.);
#3355 = DIRECTION('',(0.,0.,1.));
#3356 = ORIENTED_EDGE('',*,*,#506,.F.);
#3357 = PLANE('',#3358);
#3358 = AXIS2_PLACEMENT_3D('',#3359,#3360,#3361);
#3359 = CARTESIAN_POINT('',(8.07,95.9,0.));
#3360 = DIRECTION('',(0.,1.,0.));
#3361 = DIRECTION('',(1.,0.,0.));
#3362 = ADVANCED_FACE('',(#3363),#3374,.T.);
#3363 = FACE_BOUND('',#3364,.T.);
#3364 = EDGE_LOOP('',(#3365,#3366,#3367,#3373));
#3365 = ORIENTED_EDGE('',*,*,#3334,.T.);
#3366 = ORIENTED_EDGE('',*,*,#1741,.T.);
#3367 = ORIENTED_EDGE('',*,*,#3368,.F.);
#3368 = EDGE_CURVE('',#515,#1734,#3369,.T.);
#3369 = LINE('',#3370,#3371);
#3370 = CARTESIAN_POINT('',(21.87,80.1,0.));
#3371 = VECTOR('',#3372,1.);
#3372 = DIRECTION('',(0.,0.,1.));
#3373 = ORIENTED_EDGE('',*,*,#522,.F.);
#3374 = PLANE('',#3375);
#3375 = AXIS2_PLACEMENT_3D('',#3376,#3377,#3378);
#3376 = CARTESIAN_POINT('',(4.27,80.1,0.));
#3377 = DIRECTION('',(0.,1.,0.));
#3378 = DIRECTION('',(1.,0.,0.));
#3379 = ADVANCED_FACE('',(#3380),#3386,.T.);
#3380 = FACE_BOUND('',#3381,.T.);
#3381 = EDGE_LOOP('',(#3382,#3383,#3384,#3385));
#3382 = ORIENTED_EDGE('',*,*,#3351,.F.);
#3383 = ORIENTED_EDGE('',*,*,#514,.T.);
#3384 = ORIENTED_EDGE('',*,*,#3368,.T.);
#3385 = ORIENTED_EDGE('',*,*,#1733,.F.);
#3386 = PLANE('',#3387);
#3387 = AXIS2_PLACEMENT_3D('',#3388,#3389,#3390);
#3388 = CARTESIAN_POINT('',(21.87,88.,0.95));
#3389 = DIRECTION('',(-1.,-0.,-0.));
#3390 = DIRECTION('',(0.,0.,-1.));
#3391 = ADVANCED_FACE('',(#3392),#3408,.T.);
#3392 = FACE_BOUND('',#3393,.T.);
#3393 = EDGE_LOOP('',(#3394,#3400,#3401,#3407));
#3394 = ORIENTED_EDGE('',*,*,#3395,.T.);
#3395 = EDGE_CURVE('',#539,#1758,#3396,.T.);
#3396 = LINE('',#3397,#3398);
#3397 = CARTESIAN_POINT('',(29.07,94.5,0.));
#3398 = VECTOR('',#3399,1.);
#3399 = DIRECTION('',(0.,0.,1.));
#3400 = ORIENTED_EDGE('',*,*,#1757,.T.);
#3401 = ORIENTED_EDGE('',*,*,#3402,.F.);
#3402 = EDGE_CURVE('',#541,#1760,#3403,.T.);
#3403 = LINE('',#3404,#3405);
#3404 = CARTESIAN_POINT('',(25.27,94.5,0.));
#3405 = VECTOR('',#3406,1.);
#3406 = DIRECTION('',(0.,0.,1.));
#3407 = ORIENTED_EDGE('',*,*,#538,.F.);
#3408 = PLANE('',#3409);
#3409 = AXIS2_PLACEMENT_3D('',#3410,#3411,#3412);
#3410 = CARTESIAN_POINT('',(29.07,94.5,0.));
#3411 = DIRECTION('',(0.,-1.,0.));
#3412 = DIRECTION('',(-1.,0.,0.));
#3413 = ADVANCED_FACE('',(#3414),#3425,.F.);
#3414 = FACE_BOUND('',#3415,.F.);
#3415 = EDGE_LOOP('',(#3416,#3417,#3418,#3424));
#3416 = ORIENTED_EDGE('',*,*,#3395,.T.);
#3417 = ORIENTED_EDGE('',*,*,#1767,.T.);
#3418 = ORIENTED_EDGE('',*,*,#3419,.F.);
#3419 = EDGE_CURVE('',#549,#1768,#3420,.T.);
#3420 = LINE('',#3421,#3422);
#3421 = CARTESIAN_POINT('',(29.07,100.9,0.));
#3422 = VECTOR('',#3423,1.);
#3423 = DIRECTION('',(0.,0.,1.));
#3424 = ORIENTED_EDGE('',*,*,#548,.F.);
#3425 = PLANE('',#3426);
#3426 = AXIS2_PLACEMENT_3D('',#3427,#3428,#3429);
#3427 = CARTESIAN_POINT('',(29.07,94.5,0.));
#3428 = DIRECTION('',(-1.,0.,0.));
#3429 = DIRECTION('',(0.,1.,0.));
#3430 = ADVANCED_FACE('',(#3431),#3442,.T.);
#3431 = FACE_BOUND('',#3432,.T.);
#3432 = EDGE_LOOP('',(#3433,#3434,#3435,#3441));
#3433 = ORIENTED_EDGE('',*,*,#3402,.T.);
#3434 = ORIENTED_EDGE('',*,*,#1799,.T.);
#3435 = ORIENTED_EDGE('',*,*,#3436,.F.);
#3436 = EDGE_CURVE('',#573,#1792,#3437,.T.);
#3437 = LINE('',#3438,#3439);
#3438 = CARTESIAN_POINT('',(25.27,85.1,0.));
#3439 = VECTOR('',#3440,1.);
#3440 = DIRECTION('',(0.,0.,1.));
#3441 = ORIENTED_EDGE('',*,*,#580,.F.);
#3442 = PLANE('',#3443);
#3443 = AXIS2_PLACEMENT_3D('',#3444,#3445,#3446);
#3444 = CARTESIAN_POINT('',(25.27,94.5,0.));
#3445 = DIRECTION('',(1.,0.,0.));
#3446 = DIRECTION('',(0.,-1.,0.));
#3447 = ADVANCED_FACE('',(#3448),#3459,.F.);
#3448 = FACE_BOUND('',#3449,.F.);
#3449 = EDGE_LOOP('',(#3450,#3451,#3452,#3458));
#3450 = ORIENTED_EDGE('',*,*,#3419,.T.);
#3451 = ORIENTED_EDGE('',*,*,#1775,.T.);
#3452 = ORIENTED_EDGE('',*,*,#3453,.F.);
#3453 = EDGE_CURVE('',#557,#1776,#3454,.T.);
#3454 = LINE('',#3455,#3456);
#3455 = CARTESIAN_POINT('',(42.87,100.9,0.));
#3456 = VECTOR('',#3457,1.);
#3457 = DIRECTION('',(0.,0.,1.));
#3458 = ORIENTED_EDGE('',*,*,#556,.F.);
#3459 = PLANE('',#3460);
#3460 = AXIS2_PLACEMENT_3D('',#3461,#3462,#3463);
#3461 = CARTESIAN_POINT('',(29.07,100.9,0.));
#3462 = DIRECTION('',(0.,1.,0.));
#3463 = DIRECTION('',(1.,0.,0.));
#3464 = ADVANCED_FACE('',(#3465),#3476,.T.);
#3465 = FACE_BOUND('',#3466,.T.);
#3466 = EDGE_LOOP('',(#3467,#3468,#3469,#3475));
#3467 = ORIENTED_EDGE('',*,*,#3436,.T.);
#3468 = ORIENTED_EDGE('',*,*,#1791,.T.);
#3469 = ORIENTED_EDGE('',*,*,#3470,.F.);
#3470 = EDGE_CURVE('',#565,#1784,#3471,.T.);
#3471 = LINE('',#3472,#3473);
#3472 = CARTESIAN_POINT('',(42.87,85.1,0.));
#3473 = VECTOR('',#3474,1.);
#3474 = DIRECTION('',(0.,0.,1.));
#3475 = ORIENTED_EDGE('',*,*,#572,.F.);
#3476 = PLANE('',#3477);
#3477 = AXIS2_PLACEMENT_3D('',#3478,#3479,#3480);
#3478 = CARTESIAN_POINT('',(25.27,85.1,0.));
#3479 = DIRECTION('',(0.,1.,0.));
#3480 = DIRECTION('',(1.,0.,0.));
#3481 = ADVANCED_FACE('',(#3482),#3488,.T.);
#3482 = FACE_BOUND('',#3483,.T.);
#3483 = EDGE_LOOP('',(#3484,#3485,#3486,#3487));
#3484 = ORIENTED_EDGE('',*,*,#3453,.F.);
#3485 = ORIENTED_EDGE('',*,*,#564,.T.);
#3486 = ORIENTED_EDGE('',*,*,#3470,.T.);
#3487 = ORIENTED_EDGE('',*,*,#1783,.F.);
#3488 = PLANE('',#3489);
#3489 = AXIS2_PLACEMENT_3D('',#3490,#3491,#3492);
#3490 = CARTESIAN_POINT('',(42.87,93.,0.95));
#3491 = DIRECTION('',(-1.,-0.,-0.));
#3492 = DIRECTION('',(0.,0.,-1.));
#3493 = ADVANCED_FACE('',(#3494),#3510,.T.);
#3494 = FACE_BOUND('',#3495,.T.);
#3495 = EDGE_LOOP('',(#3496,#3502,#3503,#3509));
#3496 = ORIENTED_EDGE('',*,*,#3497,.T.);
#3497 = EDGE_CURVE('',#589,#1808,#3498,.T.);
#3498 = LINE('',#3499,#3500);
#3499 = CARTESIAN_POINT('',(50.57,94.5,0.));
#3500 = VECTOR('',#3501,1.);
#3501 = DIRECTION('',(0.,0.,1.));
#3502 = ORIENTED_EDGE('',*,*,#1807,.T.);
#3503 = ORIENTED_EDGE('',*,*,#3504,.F.);
#3504 = EDGE_CURVE('',#591,#1810,#3505,.T.);
#3505 = LINE('',#3506,#3507);
#3506 = CARTESIAN_POINT('',(46.77,94.5,0.));
#3507 = VECTOR('',#3508,1.);
#3508 = DIRECTION('',(0.,0.,1.));
#3509 = ORIENTED_EDGE('',*,*,#588,.F.);
#3510 = PLANE('',#3511);
#3511 = AXIS2_PLACEMENT_3D('',#3512,#3513,#3514);
#3512 = CARTESIAN_POINT('',(50.57,94.5,0.));
#3513 = DIRECTION('',(0.,-1.,0.));
#3514 = DIRECTION('',(-1.,0.,0.));
#3515 = ADVANCED_FACE('',(#3516),#3527,.F.);
#3516 = FACE_BOUND('',#3517,.F.);
#3517 = EDGE_LOOP('',(#3518,#3519,#3520,#3526));
#3518 = ORIENTED_EDGE('',*,*,#3497,.T.);
#3519 = ORIENTED_EDGE('',*,*,#1817,.T.);
#3520 = ORIENTED_EDGE('',*,*,#3521,.F.);
#3521 = EDGE_CURVE('',#599,#1818,#3522,.T.);
#3522 = LINE('',#3523,#3524);
#3523 = CARTESIAN_POINT('',(50.57,100.9,0.));
#3524 = VECTOR('',#3525,1.);
#3525 = DIRECTION('',(0.,0.,1.));
#3526 = ORIENTED_EDGE('',*,*,#598,.F.);
#3527 = PLANE('',#3528);
#3528 = AXIS2_PLACEMENT_3D('',#3529,#3530,#3531);
#3529 = CARTESIAN_POINT('',(50.57,94.5,0.));
#3530 = DIRECTION('',(-1.,0.,0.));
#3531 = DIRECTION('',(0.,1.,0.));
#3532 = ADVANCED_FACE('',(#3533),#3544,.T.);
#3533 = FACE_BOUND('',#3534,.T.);
#3534 = EDGE_LOOP('',(#3535,#3536,#3537,#3543));
#3535 = ORIENTED_EDGE('',*,*,#3504,.T.);
#3536 = ORIENTED_EDGE('',*,*,#1849,.T.);
#3537 = ORIENTED_EDGE('',*,*,#3538,.F.);
#3538 = EDGE_CURVE('',#623,#1842,#3539,.T.);
#3539 = LINE('',#3540,#3541);
#3540 = CARTESIAN_POINT('',(46.77,85.1,0.));
#3541 = VECTOR('',#3542,1.);
#3542 = DIRECTION('',(0.,0.,1.));
#3543 = ORIENTED_EDGE('',*,*,#630,.F.);
#3544 = PLANE('',#3545);
#3545 = AXIS2_PLACEMENT_3D('',#3546,#3547,#3548);
#3546 = CARTESIAN_POINT('',(46.77,94.5,0.));
#3547 = DIRECTION('',(1.,0.,0.));
#3548 = DIRECTION('',(0.,-1.,0.));
#3549 = ADVANCED_FACE('',(#3550),#3561,.F.);
#3550 = FACE_BOUND('',#3551,.F.);
#3551 = EDGE_LOOP('',(#3552,#3553,#3554,#3560));
#3552 = ORIENTED_EDGE('',*,*,#3521,.T.);
#3553 = ORIENTED_EDGE('',*,*,#1825,.T.);
#3554 = ORIENTED_EDGE('',*,*,#3555,.F.);
#3555 = EDGE_CURVE('',#607,#1826,#3556,.T.);
#3556 = LINE('',#3557,#3558);
#3557 = CARTESIAN_POINT('',(64.37,100.9,0.));
#3558 = VECTOR('',#3559,1.);
#3559 = DIRECTION('',(0.,0.,1.));
#3560 = ORIENTED_EDGE('',*,*,#606,.F.);
#3561 = PLANE('',#3562);
#3562 = AXIS2_PLACEMENT_3D('',#3563,#3564,#3565);
#3563 = CARTESIAN_POINT('',(50.57,100.9,0.));
#3564 = DIRECTION('',(0.,1.,0.));
#3565 = DIRECTION('',(1.,0.,0.));
#3566 = ADVANCED_FACE('',(#3567),#3578,.T.);
#3567 = FACE_BOUND('',#3568,.T.);
#3568 = EDGE_LOOP('',(#3569,#3570,#3571,#3577));
#3569 = ORIENTED_EDGE('',*,*,#3538,.T.);
#3570 = ORIENTED_EDGE('',*,*,#1841,.T.);
#3571 = ORIENTED_EDGE('',*,*,#3572,.F.);
#3572 = EDGE_CURVE('',#615,#1834,#3573,.T.);
#3573 = LINE('',#3574,#3575);
#3574 = CARTESIAN_POINT('',(64.37,85.1,0.));
#3575 = VECTOR('',#3576,1.);
#3576 = DIRECTION('',(0.,0.,1.));
#3577 = ORIENTED_EDGE('',*,*,#622,.F.);
#3578 = PLANE('',#3579);
#3579 = AXIS2_PLACEMENT_3D('',#3580,#3581,#3582);
#3580 = CARTESIAN_POINT('',(46.77,85.1,0.));
#3581 = DIRECTION('',(0.,1.,0.));
#3582 = DIRECTION('',(1.,0.,0.));
#3583 = ADVANCED_FACE('',(#3584),#3590,.T.);
#3584 = FACE_BOUND('',#3585,.T.);
#3585 = EDGE_LOOP('',(#3586,#3587,#3588,#3589));
#3586 = ORIENTED_EDGE('',*,*,#3555,.F.);
#3587 = ORIENTED_EDGE('',*,*,#614,.T.);
#3588 = ORIENTED_EDGE('',*,*,#3572,.T.);
#3589 = ORIENTED_EDGE('',*,*,#1833,.F.);
#3590 = PLANE('',#3591);
#3591 = AXIS2_PLACEMENT_3D('',#3592,#3593,#3594);
#3592 = CARTESIAN_POINT('',(64.37,93.,0.95));
#3593 = DIRECTION('',(-1.,-0.,-0.));
#3594 = DIRECTION('',(0.,0.,-1.));
#3595 = ADVANCED_FACE('',(#3596),#3612,.T.);
#3596 = FACE_BOUND('',#3597,.T.);
#3597 = EDGE_LOOP('',(#3598,#3604,#3605,#3611));
#3598 = ORIENTED_EDGE('',*,*,#3599,.T.);
#3599 = EDGE_CURVE('',#639,#1858,#3600,.T.);
#3600 = LINE('',#3601,#3602);
#3601 = CARTESIAN_POINT('',(69.57,84.5,0.));
#3602 = VECTOR('',#3603,1.);
#3603 = DIRECTION('',(0.,0.,1.));
#3604 = ORIENTED_EDGE('',*,*,#1857,.T.);
#3605 = ORIENTED_EDGE('',*,*,#3606,.F.);
#3606 = EDGE_CURVE('',#641,#1860,#3607,.T.);
#3607 = LINE('',#3608,#3609);
#3608 = CARTESIAN_POINT('',(65.77,84.5,0.));
#3609 = VECTOR('',#3610,1.);
#3610 = DIRECTION('',(0.,0.,1.));
#3611 = ORIENTED_EDGE('',*,*,#638,.F.);
#3612 = PLANE('',#3613);
#3613 = AXIS2_PLACEMENT_3D('',#3614,#3615,#3616);
#3614 = CARTESIAN_POINT('',(69.57,84.5,0.));
#3615 = DIRECTION('',(0.,-1.,0.));
#3616 = DIRECTION('',(-1.,0.,0.));
#3617 = ADVANCED_FACE('',(#3618),#3629,.F.);
#3618 = FACE_BOUND('',#3619,.F.);
#3619 = EDGE_LOOP('',(#3620,#3621,#3622,#3628));
#3620 = ORIENTED_EDGE('',*,*,#3599,.T.);
#3621 = ORIENTED_EDGE('',*,*,#1867,.T.);
#3622 = ORIENTED_EDGE('',*,*,#3623,.F.);
#3623 = EDGE_CURVE('',#649,#1868,#3624,.T.);
#3624 = LINE('',#3625,#3626);
#3625 = CARTESIAN_POINT('',(69.57,90.9,0.));
#3626 = VECTOR('',#3627,1.);
#3627 = DIRECTION('',(0.,0.,1.));
#3628 = ORIENTED_EDGE('',*,*,#648,.F.);
#3629 = PLANE('',#3630);
#3630 = AXIS2_PLACEMENT_3D('',#3631,#3632,#3633);
#3631 = CARTESIAN_POINT('',(69.57,84.5,0.));
#3632 = DIRECTION('',(-1.,0.,0.));
#3633 = DIRECTION('',(0.,1.,0.));
#3634 = ADVANCED_FACE('',(#3635),#3646,.T.);
#3635 = FACE_BOUND('',#3636,.T.);
#3636 = EDGE_LOOP('',(#3637,#3638,#3639,#3645));
#3637 = ORIENTED_EDGE('',*,*,#3606,.T.);
#3638 = ORIENTED_EDGE('',*,*,#1899,.T.);
#3639 = ORIENTED_EDGE('',*,*,#3640,.F.);
#3640 = EDGE_CURVE('',#673,#1892,#3641,.T.);
#3641 = LINE('',#3642,#3643);
#3642 = CARTESIAN_POINT('',(65.77,75.1,0.));
#3643 = VECTOR('',#3644,1.);
#3644 = DIRECTION('',(0.,0.,1.));
#3645 = ORIENTED_EDGE('',*,*,#680,.F.);
#3646 = PLANE('',#3647);
#3647 = AXIS2_PLACEMENT_3D('',#3648,#3649,#3650);
#3648 = CARTESIAN_POINT('',(65.77,84.5,0.));
#3649 = DIRECTION('',(1.,0.,0.));
#3650 = DIRECTION('',(0.,-1.,0.));
#3651 = ADVANCED_FACE('',(#3652),#3663,.F.);
#3652 = FACE_BOUND('',#3653,.F.);
#3653 = EDGE_LOOP('',(#3654,#3655,#3656,#3662));
#3654 = ORIENTED_EDGE('',*,*,#3623,.T.);
#3655 = ORIENTED_EDGE('',*,*,#1875,.T.);
#3656 = ORIENTED_EDGE('',*,*,#3657,.F.);
#3657 = EDGE_CURVE('',#657,#1876,#3658,.T.);
#3658 = LINE('',#3659,#3660);
#3659 = CARTESIAN_POINT('',(83.37,90.9,0.));
#3660 = VECTOR('',#3661,1.);
#3661 = DIRECTION('',(0.,0.,1.));
#3662 = ORIENTED_EDGE('',*,*,#656,.F.);
#3663 = PLANE('',#3664);
#3664 = AXIS2_PLACEMENT_3D('',#3665,#3666,#3667);
#3665 = CARTESIAN_POINT('',(69.57,90.9,0.));
#3666 = DIRECTION('',(0.,1.,0.));
#3667 = DIRECTION('',(1.,0.,0.));
#3668 = ADVANCED_FACE('',(#3669),#3680,.T.);
#3669 = FACE_BOUND('',#3670,.T.);
#3670 = EDGE_LOOP('',(#3671,#3672,#3673,#3679));
#3671 = ORIENTED_EDGE('',*,*,#3640,.T.);
#3672 = ORIENTED_EDGE('',*,*,#1891,.T.);
#3673 = ORIENTED_EDGE('',*,*,#3674,.F.);
#3674 = EDGE_CURVE('',#665,#1884,#3675,.T.);
#3675 = LINE('',#3676,#3677);
#3676 = CARTESIAN_POINT('',(83.37,75.1,0.));
#3677 = VECTOR('',#3678,1.);
#3678 = DIRECTION('',(0.,0.,1.));
#3679 = ORIENTED_EDGE('',*,*,#672,.F.);
#3680 = PLANE('',#3681);
#3681 = AXIS2_PLACEMENT_3D('',#3682,#3683,#3684);
#3682 = CARTESIAN_POINT('',(65.77,75.1,0.));
#3683 = DIRECTION('',(0.,1.,0.));
#3684 = DIRECTION('',(1.,0.,0.));
#3685 = ADVANCED_FACE('',(#3686),#3692,.T.);
#3686 = FACE_BOUND('',#3687,.T.);
#3687 = EDGE_LOOP('',(#3688,#3689,#3690,#3691));
#3688 = ORIENTED_EDGE('',*,*,#3657,.F.);
#3689 = ORIENTED_EDGE('',*,*,#664,.T.);
#3690 = ORIENTED_EDGE('',*,*,#3674,.T.);
#3691 = ORIENTED_EDGE('',*,*,#1883,.F.);
#3692 = PLANE('',#3693);
#3693 = AXIS2_PLACEMENT_3D('',#3694,#3695,#3696);
#3694 = CARTESIAN_POINT('',(83.37,83.,0.95));
#3695 = DIRECTION('',(-1.,-0.,-0.));
#3696 = DIRECTION('',(0.,0.,-1.));
#3697 = ADVANCED_FACE('',(#3698),#3709,.F.);
#3698 = FACE_BOUND('',#3699,.F.);
#3699 = EDGE_LOOP('',(#3700,#3701,#3707,#3708));
#3700 = ORIENTED_EDGE('',*,*,#1907,.F.);
#3701 = ORIENTED_EDGE('',*,*,#3702,.T.);
#3702 = EDGE_CURVE('',#1908,#689,#3703,.T.);
#3703 = LINE('',#3704,#3705);
#3704 = CARTESIAN_POINT('',(15.1,117.,1.9));
#3705 = VECTOR('',#3706,1.);
#3706 = DIRECTION('',(-0.,-0.,-1.));
#3707 = ORIENTED_EDGE('',*,*,#688,.T.);
#3708 = ORIENTED_EDGE('',*,*,#3702,.F.);
#3709 = CYLINDRICAL_SURFACE('',#3710,2.1);
#3710 = AXIS2_PLACEMENT_3D('',#3711,#3712,#3713);
#3711 = CARTESIAN_POINT('',(13.,117.,1.9));
#3712 = DIRECTION('',(0.,0.,1.));
#3713 = DIRECTION('',(1.,0.,0.));
#3714 = ADVANCED_FACE('',(#3715),#3731,.T.);
#3715 = FACE_BOUND('',#3716,.T.);
#3716 = EDGE_LOOP('',(#3717,#3723,#3724,#3730));
#3717 = ORIENTED_EDGE('',*,*,#3718,.T.);
#3718 = EDGE_CURVE('',#700,#1919,#3719,.T.);
#3719 = LINE('',#3720,#3721);
#3720 = CARTESIAN_POINT('',(119.9,89.52,0.));
#3721 = VECTOR('',#3722,1.);
#3722 = DIRECTION('',(0.,0.,1.));
#3723 = ORIENTED_EDGE('',*,*,#1918,.T.);
#3724 = ORIENTED_EDGE('',*,*,#3725,.F.);
#3725 = EDGE_CURVE('',#702,#1921,#3726,.T.);
#3726 = LINE('',#3727,#3728);
#3727 = CARTESIAN_POINT('',(126.74,89.52,0.));
#3728 = VECTOR('',#3729,1.);
#3729 = DIRECTION('',(0.,0.,1.));
#3730 = ORIENTED_EDGE('',*,*,#699,.F.);
#3731 = PLANE('',#3732);
#3732 = AXIS2_PLACEMENT_3D('',#3733,#3734,#3735);
#3733 = CARTESIAN_POINT('',(119.9,89.52,0.));
#3734 = DIRECTION('',(0.,1.,0.));
#3735 = DIRECTION('',(1.,0.,0.));
#3736 = ADVANCED_FACE('',(#3737),#3748,.T.);
#3737 = FACE_BOUND('',#3738,.T.);
#3738 = EDGE_LOOP('',(#3739,#3745,#3746,#3747));
#3739 = ORIENTED_EDGE('',*,*,#3740,.T.);
#3740 = EDGE_CURVE('',#710,#1929,#3741,.T.);
#3741 = LINE('',#3742,#3743);
#3742 = CARTESIAN_POINT('',(119.9,75.1,0.));
#3743 = VECTOR('',#3744,1.);
#3744 = DIRECTION('',(0.,0.,1.));
#3745 = ORIENTED_EDGE('',*,*,#1928,.F.);
#3746 = ORIENTED_EDGE('',*,*,#3718,.F.);
#3747 = ORIENTED_EDGE('',*,*,#709,.T.);
#3748 = PLANE('',#3749);
#3749 = AXIS2_PLACEMENT_3D('',#3750,#3751,#3752);
#3750 = CARTESIAN_POINT('',(119.9,82.31,0.95));
#3751 = DIRECTION('',(-1.,-0.,-0.));
#3752 = DIRECTION('',(0.,0.,-1.));
#3753 = ADVANCED_FACE('',(#3754),#3765,.T.);
#3754 = FACE_BOUND('',#3755,.T.);
#3755 = EDGE_LOOP('',(#3756,#3757,#3758,#3764));
#3756 = ORIENTED_EDGE('',*,*,#3725,.T.);
#3757 = ORIENTED_EDGE('',*,*,#1992,.T.);
#3758 = ORIENTED_EDGE('',*,*,#3759,.F.);
#3759 = EDGE_CURVE('',#766,#1985,#3760,.T.);
#3760 = LINE('',#3761,#3762);
#3761 = CARTESIAN_POINT('',(126.74,126.8,0.));
#3762 = VECTOR('',#3763,1.);
#3763 = DIRECTION('',(0.,0.,1.));
#3764 = ORIENTED_EDGE('',*,*,#773,.F.);
#3765 = PLANE('',#3766);
#3766 = AXIS2_PLACEMENT_3D('',#3767,#3768,#3769);
#3767 = CARTESIAN_POINT('',(126.74,89.52,0.));
#3768 = DIRECTION('',(-1.,0.,0.));
#3769 = DIRECTION('',(0.,1.,0.));
#3770 = ADVANCED_FACE('',(#3771),#3782,.T.);
#3771 = FACE_BOUND('',#3772,.T.);
#3772 = EDGE_LOOP('',(#3773,#3779,#3780,#3781));
#3773 = ORIENTED_EDGE('',*,*,#3774,.T.);
#3774 = EDGE_CURVE('',#718,#1937,#3775,.T.);
#3775 = LINE('',#3776,#3777);
#3776 = CARTESIAN_POINT('',(102.3,75.1,0.));
#3777 = VECTOR('',#3778,1.);
#3778 = DIRECTION('',(0.,0.,1.));
#3779 = ORIENTED_EDGE('',*,*,#1936,.T.);
#3780 = ORIENTED_EDGE('',*,*,#3740,.F.);
#3781 = ORIENTED_EDGE('',*,*,#717,.F.);
#3782 = PLANE('',#3783);
#3783 = AXIS2_PLACEMENT_3D('',#3784,#3785,#3786);
#3784 = CARTESIAN_POINT('',(102.3,75.1,0.));
#3785 = DIRECTION('',(0.,1.,0.));
#3786 = DIRECTION('',(1.,0.,0.));
#3787 = ADVANCED_FACE('',(#3788),#3799,.T.);
#3788 = FACE_BOUND('',#3789,.T.);
#3789 = EDGE_LOOP('',(#3790,#3791,#3792,#3798));
#3790 = ORIENTED_EDGE('',*,*,#3759,.T.);
#3791 = ORIENTED_EDGE('',*,*,#1984,.T.);
#3792 = ORIENTED_EDGE('',*,*,#3793,.F.);
#3793 = EDGE_CURVE('',#758,#1977,#3794,.T.);
#3794 = LINE('',#3795,#3796);
#3795 = CARTESIAN_POINT('',(87.2,126.8,0.));
#3796 = VECTOR('',#3797,1.);
#3797 = DIRECTION('',(0.,0.,1.));
#3798 = ORIENTED_EDGE('',*,*,#765,.F.);
#3799 = PLANE('',#3800);
#3800 = AXIS2_PLACEMENT_3D('',#3801,#3802,#3803);
#3801 = CARTESIAN_POINT('',(126.74,126.8,0.));
#3802 = DIRECTION('',(0.,-1.,0.));
#3803 = DIRECTION('',(-1.,0.,0.));
#3804 = ADVANCED_FACE('',(#3805),#3816,.T.);
#3805 = FACE_BOUND('',#3806,.T.);
#3806 = EDGE_LOOP('',(#3807,#3813,#3814,#3815));
#3807 = ORIENTED_EDGE('',*,*,#3808,.T.);
#3808 = EDGE_CURVE('',#726,#1945,#3809,.T.);
#3809 = LINE('',#3810,#3811);
#3810 = CARTESIAN_POINT('',(102.3,84.5,0.));
#3811 = VECTOR('',#3812,1.);
#3812 = DIRECTION('',(0.,0.,1.));
#3813 = ORIENTED_EDGE('',*,*,#1944,.T.);
#3814 = ORIENTED_EDGE('',*,*,#3774,.F.);
#3815 = ORIENTED_EDGE('',*,*,#725,.F.);
#3816 = PLANE('',#3817);
#3817 = AXIS2_PLACEMENT_3D('',#3818,#3819,#3820);
#3818 = CARTESIAN_POINT('',(102.3,84.5,0.));
#3819 = DIRECTION('',(1.,0.,0.));
#3820 = DIRECTION('',(0.,-1.,0.));
#3821 = ADVANCED_FACE('',(#3822),#3833,.T.);
#3822 = FACE_BOUND('',#3823,.T.);
#3823 = EDGE_LOOP('',(#3824,#3825,#3826,#3832));
#3824 = ORIENTED_EDGE('',*,*,#3793,.T.);
#3825 = ORIENTED_EDGE('',*,*,#1976,.T.);
#3826 = ORIENTED_EDGE('',*,*,#3827,.F.);
#3827 = EDGE_CURVE('',#750,#1969,#3828,.T.);
#3828 = LINE('',#3829,#3830);
#3829 = CARTESIAN_POINT('',(87.2,89.52,0.));
#3830 = VECTOR('',#3831,1.);
#3831 = DIRECTION('',(0.,0.,1.));
#3832 = ORIENTED_EDGE('',*,*,#757,.F.);
#3833 = PLANE('',#3834);
#3834 = AXIS2_PLACEMENT_3D('',#3835,#3836,#3837);
#3835 = CARTESIAN_POINT('',(87.2,126.8,0.));
#3836 = DIRECTION('',(1.,0.,0.));
#3837 = DIRECTION('',(0.,-1.,0.));
#3838 = ADVANCED_FACE('',(#3839),#3850,.T.);
#3839 = FACE_BOUND('',#3840,.T.);
#3840 = EDGE_LOOP('',(#3841,#3847,#3848,#3849));
#3841 = ORIENTED_EDGE('',*,*,#3842,.T.);
#3842 = EDGE_CURVE('',#734,#1953,#3843,.T.);
#3843 = LINE('',#3844,#3845);
#3844 = CARTESIAN_POINT('',(106.1,84.5,0.));
#3845 = VECTOR('',#3846,1.);
#3846 = DIRECTION('',(0.,0.,1.));
#3847 = ORIENTED_EDGE('',*,*,#1952,.T.);
#3848 = ORIENTED_EDGE('',*,*,#3808,.F.);
#3849 = ORIENTED_EDGE('',*,*,#733,.F.);
#3850 = PLANE('',#3851);
#3851 = AXIS2_PLACEMENT_3D('',#3852,#3853,#3854);
#3852 = CARTESIAN_POINT('',(106.1,84.5,0.));
#3853 = DIRECTION('',(0.,-1.,0.));
#3854 = DIRECTION('',(-1.,0.,0.));
#3855 = ADVANCED_FACE('',(#3856),#3867,.T.);
#3856 = FACE_BOUND('',#3857,.T.);
#3857 = EDGE_LOOP('',(#3858,#3859,#3860,#3866));
#3858 = ORIENTED_EDGE('',*,*,#3827,.T.);
#3859 = ORIENTED_EDGE('',*,*,#1968,.T.);
#3860 = ORIENTED_EDGE('',*,*,#3861,.F.);
#3861 = EDGE_CURVE('',#742,#1961,#3862,.T.);
#3862 = LINE('',#3863,#3864);
#3863 = CARTESIAN_POINT('',(106.1,89.52,0.));
#3864 = VECTOR('',#3865,1.);
#3865 = DIRECTION('',(0.,0.,1.));
#3866 = ORIENTED_EDGE('',*,*,#749,.F.);
#3867 = PLANE('',#3868);
#3868 = AXIS2_PLACEMENT_3D('',#3869,#3870,#3871);
#3869 = CARTESIAN_POINT('',(87.2,89.52,0.));
#3870 = DIRECTION('',(0.,1.,0.));
#3871 = DIRECTION('',(1.,0.,0.));
#3872 = ADVANCED_FACE('',(#3873),#3879,.T.);
#3873 = FACE_BOUND('',#3874,.T.);
#3874 = EDGE_LOOP('',(#3875,#3876,#3877,#3878));
#3875 = ORIENTED_EDGE('',*,*,#3861,.T.);
#3876 = ORIENTED_EDGE('',*,*,#1960,.T.);
#3877 = ORIENTED_EDGE('',*,*,#3842,.F.);
#3878 = ORIENTED_EDGE('',*,*,#741,.F.);
#3879 = PLANE('',#3880);
#3880 = AXIS2_PLACEMENT_3D('',#3881,#3882,#3883);
#3881 = CARTESIAN_POINT('',(106.1,89.52,0.));
#3882 = DIRECTION('',(1.,0.,0.));
#3883 = DIRECTION('',(0.,-1.,0.));
#3884 = ADVANCED_FACE('',(#3885),#3901,.T.);
#3885 = FACE_BOUND('',#3886,.T.);
#3886 = EDGE_LOOP('',(#3887,#3893,#3894,#3900));
#3887 = ORIENTED_EDGE('',*,*,#3888,.T.);
#3888 = EDGE_CURVE('',#782,#2001,#3889,.T.);
#3889 = LINE('',#3890,#3891);
#3890 = CARTESIAN_POINT('',(67.37,121.9,0.));
#3891 = VECTOR('',#3892,1.);
#3892 = DIRECTION('',(0.,0.,1.));
#3893 = ORIENTED_EDGE('',*,*,#2000,.T.);
#3894 = ORIENTED_EDGE('',*,*,#3895,.F.);
#3895 = EDGE_CURVE('',#784,#2003,#3896,.T.);
#3896 = LINE('',#3897,#3898);
#3897 = CARTESIAN_POINT('',(53.57,121.9,0.));
#3898 = VECTOR('',#3899,1.);
#3899 = DIRECTION('',(0.,0.,1.));
#3900 = ORIENTED_EDGE('',*,*,#781,.F.);
#3901 = PLANE('',#3902);
#3902 = AXIS2_PLACEMENT_3D('',#3903,#3904,#3905);
#3903 = CARTESIAN_POINT('',(67.37,121.9,0.));
#3904 = DIRECTION('',(0.,-1.,0.));
#3905 = DIRECTION('',(-1.,0.,0.));
#3906 = ADVANCED_FACE('',(#3907),#3918,.T.);
#3907 = FACE_BOUND('',#3908,.T.);
#3908 = EDGE_LOOP('',(#3909,#3915,#3916,#3917));
#3909 = ORIENTED_EDGE('',*,*,#3910,.T.);
#3910 = EDGE_CURVE('',#792,#2011,#3911,.T.);
#3911 = LINE('',#3912,#3913);
#3912 = CARTESIAN_POINT('',(67.37,106.1,0.));
#3913 = VECTOR('',#3914,1.);
#3914 = DIRECTION('',(0.,0.,1.));
#3915 = ORIENTED_EDGE('',*,*,#2010,.F.);
#3916 = ORIENTED_EDGE('',*,*,#3888,.F.);
#3917 = ORIENTED_EDGE('',*,*,#791,.T.);
#3918 = PLANE('',#3919);
#3919 = AXIS2_PLACEMENT_3D('',#3920,#3921,#3922);
#3920 = CARTESIAN_POINT('',(67.37,114.,0.95));
#3921 = DIRECTION('',(-1.,-0.,-0.));
#3922 = DIRECTION('',(0.,0.,-1.));
#3923 = ADVANCED_FACE('',(#3924),#3935,.T.);
#3924 = FACE_BOUND('',#3925,.T.);
#3925 = EDGE_LOOP('',(#3926,#3927,#3928,#3934));
#3926 = ORIENTED_EDGE('',*,*,#3895,.T.);
#3927 = ORIENTED_EDGE('',*,*,#2042,.T.);
#3928 = ORIENTED_EDGE('',*,*,#3929,.F.);
#3929 = EDGE_CURVE('',#816,#2035,#3930,.T.);
#3930 = LINE('',#3931,#3932);
#3931 = CARTESIAN_POINT('',(53.57,115.5,0.));
#3932 = VECTOR('',#3933,1.);
#3933 = DIRECTION('',(0.,0.,1.));
#3934 = ORIENTED_EDGE('',*,*,#823,.F.);
#3935 = PLANE('',#3936);
#3936 = AXIS2_PLACEMENT_3D('',#3937,#3938,#3939);
#3937 = CARTESIAN_POINT('',(53.57,121.9,0.));
#3938 = DIRECTION('',(1.,0.,0.));
#3939 = DIRECTION('',(0.,-1.,0.));
#3940 = ADVANCED_FACE('',(#3941),#3952,.T.);
#3941 = FACE_BOUND('',#3942,.T.);
#3942 = EDGE_LOOP('',(#3943,#3949,#3950,#3951));
#3943 = ORIENTED_EDGE('',*,*,#3944,.T.);
#3944 = EDGE_CURVE('',#800,#2019,#3945,.T.);
#3945 = LINE('',#3946,#3947);
#3946 = CARTESIAN_POINT('',(49.77,106.1,0.));
#3947 = VECTOR('',#3948,1.);
#3948 = DIRECTION('',(0.,0.,1.));
#3949 = ORIENTED_EDGE('',*,*,#2018,.T.);
#3950 = ORIENTED_EDGE('',*,*,#3910,.F.);
#3951 = ORIENTED_EDGE('',*,*,#799,.F.);
#3952 = PLANE('',#3953);
#3953 = AXIS2_PLACEMENT_3D('',#3954,#3955,#3956);
#3954 = CARTESIAN_POINT('',(49.77,106.1,0.));
#3955 = DIRECTION('',(0.,1.,0.));
#3956 = DIRECTION('',(1.,0.,0.));
#3957 = ADVANCED_FACE('',(#3958),#3969,.T.);
#3958 = FACE_BOUND('',#3959,.T.);
#3959 = EDGE_LOOP('',(#3960,#3961,#3962,#3968));
#3960 = ORIENTED_EDGE('',*,*,#3929,.T.);
#3961 = ORIENTED_EDGE('',*,*,#2034,.T.);
#3962 = ORIENTED_EDGE('',*,*,#3963,.F.);
#3963 = EDGE_CURVE('',#808,#2027,#3964,.T.);
#3964 = LINE('',#3965,#3966);
#3965 = CARTESIAN_POINT('',(49.77,115.5,0.));
#3966 = VECTOR('',#3967,1.);
#3967 = DIRECTION('',(0.,0.,1.));
#3968 = ORIENTED_EDGE('',*,*,#815,.F.);
#3969 = PLANE('',#3970);
#3970 = AXIS2_PLACEMENT_3D('',#3971,#3972,#3973);
#3971 = CARTESIAN_POINT('',(53.57,115.5,0.));
#3972 = DIRECTION('',(0.,-1.,0.));
#3973 = DIRECTION('',(-1.,0.,0.));
#3974 = ADVANCED_FACE('',(#3975),#3981,.T.);
#3975 = FACE_BOUND('',#3976,.T.);
#3976 = EDGE_LOOP('',(#3977,#3978,#3979,#3980));
#3977 = ORIENTED_EDGE('',*,*,#3963,.T.);
#3978 = ORIENTED_EDGE('',*,*,#2026,.T.);
#3979 = ORIENTED_EDGE('',*,*,#3944,.F.);
#3980 = ORIENTED_EDGE('',*,*,#807,.F.);
#3981 = PLANE('',#3982);
#3982 = AXIS2_PLACEMENT_3D('',#3983,#3984,#3985);
#3983 = CARTESIAN_POINT('',(49.77,115.5,0.));
#3984 = DIRECTION('',(1.,0.,0.));
#3985 = DIRECTION('',(0.,-1.,0.));
#3986 = ADVANCED_FACE('',(#3987),#4003,.T.);
#3987 = FACE_BOUND('',#3988,.T.);
#3988 = EDGE_LOOP('',(#3989,#3995,#3996,#4002));
#3989 = ORIENTED_EDGE('',*,*,#3990,.T.);
#3990 = EDGE_CURVE('',#832,#2051,#3991,.T.);
#3991 = LINE('',#3992,#3993);
#3992 = CARTESIAN_POINT('',(156.370711,90.9,0.));
#3993 = VECTOR('',#3994,1.);
#3994 = DIRECTION('',(0.,0.,1.));
#3995 = ORIENTED_EDGE('',*,*,#2050,.T.);
#3996 = ORIENTED_EDGE('',*,*,#3997,.F.);
#3997 = EDGE_CURVE('',#834,#2053,#3998,.T.);
#3998 = LINE('',#3999,#4000);
#3999 = CARTESIAN_POINT('',(142.570711,90.9,0.));
#4000 = VECTOR('',#4001,1.);
#4001 = DIRECTION('',(0.,0.,1.));
#4002 = ORIENTED_EDGE('',*,*,#831,.F.);
#4003 = PLANE('',#4004);
#4004 = AXIS2_PLACEMENT_3D('',#4005,#4006,#4007);
#4005 = CARTESIAN_POINT('',(156.370711,90.9,0.));
#4006 = DIRECTION('',(0.,-1.,0.));
#4007 = DIRECTION('',(-1.,0.,0.));
#4008 = ADVANCED_FACE('',(#4009),#4020,.T.);
#4009 = FACE_BOUND('',#4010,.T.);
#4010 = EDGE_LOOP('',(#4011,#4017,#4018,#4019));
#4011 = ORIENTED_EDGE('',*,*,#4012,.T.);
#4012 = EDGE_CURVE('',#842,#2061,#4013,.T.);
#4013 = LINE('',#4014,#4015);
#4014 = CARTESIAN_POINT('',(156.370711,75.1,0.));
#4015 = VECTOR('',#4016,1.);
#4016 = DIRECTION('',(0.,0.,1.));
#4017 = ORIENTED_EDGE('',*,*,#2060,.F.);
#4018 = ORIENTED_EDGE('',*,*,#3990,.F.);
#4019 = ORIENTED_EDGE('',*,*,#841,.T.);
#4020 = PLANE('',#4021);
#4021 = AXIS2_PLACEMENT_3D('',#4022,#4023,#4024);
#4022 = CARTESIAN_POINT('',(156.370711,83.,0.95));
#4023 = DIRECTION('',(-1.,-0.,-0.));
#4024 = DIRECTION('',(0.,0.,-1.));
#4025 = ADVANCED_FACE('',(#4026),#4037,.T.);
#4026 = FACE_BOUND('',#4027,.T.);
#4027 = EDGE_LOOP('',(#4028,#4029,#4030,#4036));
#4028 = ORIENTED_EDGE('',*,*,#3997,.T.);
#4029 = ORIENTED_EDGE('',*,*,#2092,.T.);
#4030 = ORIENTED_EDGE('',*,*,#4031,.F.);
#4031 = EDGE_CURVE('',#866,#2085,#4032,.T.);
#4032 = LINE('',#4033,#4034);
#4033 = CARTESIAN_POINT('',(142.570711,84.5,0.));
#4034 = VECTOR('',#4035,1.);
#4035 = DIRECTION('',(0.,0.,1.));
#4036 = ORIENTED_EDGE('',*,*,#873,.F.);
#4037 = PLANE('',#4038);
#4038 = AXIS2_PLACEMENT_3D('',#4039,#4040,#4041);
#4039 = CARTESIAN_POINT('',(142.570711,90.9,0.));
#4040 = DIRECTION('',(1.,0.,0.));
#4041 = DIRECTION('',(0.,-1.,0.));
#4042 = ADVANCED_FACE('',(#4043),#4054,.T.);
#4043 = FACE_BOUND('',#4044,.T.);
#4044 = EDGE_LOOP('',(#4045,#4051,#4052,#4053));
#4045 = ORIENTED_EDGE('',*,*,#4046,.T.);
#4046 = EDGE_CURVE('',#850,#2069,#4047,.T.);
#4047 = LINE('',#4048,#4049);
#4048 = CARTESIAN_POINT('',(138.770711,75.1,0.));
#4049 = VECTOR('',#4050,1.);
#4050 = DIRECTION('',(0.,0.,1.));
#4051 = ORIENTED_EDGE('',*,*,#2068,.T.);
#4052 = ORIENTED_EDGE('',*,*,#4012,.F.);
#4053 = ORIENTED_EDGE('',*,*,#849,.F.);
#4054 = PLANE('',#4055);
#4055 = AXIS2_PLACEMENT_3D('',#4056,#4057,#4058);
#4056 = CARTESIAN_POINT('',(138.770711,75.1,0.));
#4057 = DIRECTION('',(0.,1.,0.));
#4058 = DIRECTION('',(1.,0.,0.));
#4059 = ADVANCED_FACE('',(#4060),#4071,.T.);
#4060 = FACE_BOUND('',#4061,.T.);
#4061 = EDGE_LOOP('',(#4062,#4063,#4064,#4070));
#4062 = ORIENTED_EDGE('',*,*,#4031,.T.);
#4063 = ORIENTED_EDGE('',*,*,#2084,.T.);
#4064 = ORIENTED_EDGE('',*,*,#4065,.F.);
#4065 = EDGE_CURVE('',#858,#2077,#4066,.T.);
#4066 = LINE('',#4067,#4068);
#4067 = CARTESIAN_POINT('',(138.770711,84.5,0.));
#4068 = VECTOR('',#4069,1.);
#4069 = DIRECTION('',(0.,0.,1.));
#4070 = ORIENTED_EDGE('',*,*,#865,.F.);
#4071 = PLANE('',#4072);
#4072 = AXIS2_PLACEMENT_3D('',#4073,#4074,#4075);
#4073 = CARTESIAN_POINT('',(142.570711,84.5,0.));
#4074 = DIRECTION('',(0.,-1.,0.));
#4075 = DIRECTION('',(-1.,0.,0.));
#4076 = ADVANCED_FACE('',(#4077),#4083,.T.);
#4077 = FACE_BOUND('',#4078,.T.);
#4078 = EDGE_LOOP('',(#4079,#4080,#4081,#4082));
#4079 = ORIENTED_EDGE('',*,*,#4065,.T.);
#4080 = ORIENTED_EDGE('',*,*,#2076,.T.);
#4081 = ORIENTED_EDGE('',*,*,#4046,.F.);
#4082 = ORIENTED_EDGE('',*,*,#857,.F.);
#4083 = PLANE('',#4084);
#4084 = AXIS2_PLACEMENT_3D('',#4085,#4086,#4087);
#4085 = CARTESIAN_POINT('',(138.770711,84.5,0.));
#4086 = DIRECTION('',(1.,0.,0.));
#4087 = DIRECTION('',(0.,-1.,0.));
#4088 = ADVANCED_FACE('',(#4089),#4100,.F.);
#4089 = FACE_BOUND('',#4090,.F.);
#4090 = EDGE_LOOP('',(#4091,#4092,#4098,#4099));
#4091 = ORIENTED_EDGE('',*,*,#2100,.F.);
#4092 = ORIENTED_EDGE('',*,*,#4093,.T.);
#4093 = EDGE_CURVE('',#2101,#882,#4094,.T.);
#4094 = LINE('',#4095,#4096);
#4095 = CARTESIAN_POINT('',(215.1,69.,1.9));
#4096 = VECTOR('',#4097,1.);
#4097 = DIRECTION('',(-0.,-0.,-1.));
#4098 = ORIENTED_EDGE('',*,*,#881,.T.);
#4099 = ORIENTED_EDGE('',*,*,#4093,.F.);
#4100 = CYLINDRICAL_SURFACE('',#4101,2.1);
#4101 = AXIS2_PLACEMENT_3D('',#4102,#4103,#4104);
#4102 = CARTESIAN_POINT('',(213.,69.,1.9));
#4103 = DIRECTION('',(0.,0.,1.));
#4104 = DIRECTION('',(1.,0.,0.));
#4105 = ADVANCED_FACE('',(#4106),#4122,.T.);
#4106 = FACE_BOUND('',#4107,.T.);
#4107 = EDGE_LOOP('',(#4108,#4114,#4115,#4121));
#4108 = ORIENTED_EDGE('',*,*,#4109,.T.);
#4109 = EDGE_CURVE('',#893,#2112,#4110,.T.);
#4110 = LINE('',#4111,#4112);
#4111 = CARTESIAN_POINT('',(175.370711,100.9,0.));
#4112 = VECTOR('',#4113,1.);
#4113 = DIRECTION('',(0.,0.,1.));
#4114 = ORIENTED_EDGE('',*,*,#2111,.T.);
#4115 = ORIENTED_EDGE('',*,*,#4116,.F.);
#4116 = EDGE_CURVE('',#895,#2114,#4117,.T.);
#4117 = LINE('',#4118,#4119);
#4118 = CARTESIAN_POINT('',(161.570711,100.9,0.));
#4119 = VECTOR('',#4120,1.);
#4120 = DIRECTION('',(0.,0.,1.));
#4121 = ORIENTED_EDGE('',*,*,#892,.F.);
#4122 = PLANE('',#4123);
#4123 = AXIS2_PLACEMENT_3D('',#4124,#4125,#4126);
#4124 = CARTESIAN_POINT('',(175.370711,100.9,0.));
#4125 = DIRECTION('',(0.,-1.,0.));
#4126 = DIRECTION('',(-1.,0.,0.));
#4127 = ADVANCED_FACE('',(#4128),#4139,.T.);
#4128 = FACE_BOUND('',#4129,.T.);
#4129 = EDGE_LOOP('',(#4130,#4136,#4137,#4138));
#4130 = ORIENTED_EDGE('',*,*,#4131,.T.);
#4131 = EDGE_CURVE('',#903,#2122,#4132,.T.);
#4132 = LINE('',#4133,#4134);
#4133 = CARTESIAN_POINT('',(175.370711,85.1,0.));
#4134 = VECTOR('',#4135,1.);
#4135 = DIRECTION('',(0.,0.,1.));
#4136 = ORIENTED_EDGE('',*,*,#2121,.F.);
#4137 = ORIENTED_EDGE('',*,*,#4109,.F.);
#4138 = ORIENTED_EDGE('',*,*,#902,.T.);
#4139 = PLANE('',#4140);
#4140 = AXIS2_PLACEMENT_3D('',#4141,#4142,#4143);
#4141 = CARTESIAN_POINT('',(175.370711,93.,0.95));
#4142 = DIRECTION('',(-1.,-0.,-0.));
#4143 = DIRECTION('',(0.,0.,-1.));
#4144 = ADVANCED_FACE('',(#4145),#4156,.T.);
#4145 = FACE_BOUND('',#4146,.T.);
#4146 = EDGE_LOOP('',(#4147,#4148,#4149,#4155));
#4147 = ORIENTED_EDGE('',*,*,#4116,.T.);
#4148 = ORIENTED_EDGE('',*,*,#2153,.T.);
#4149 = ORIENTED_EDGE('',*,*,#4150,.F.);
#4150 = EDGE_CURVE('',#927,#2146,#4151,.T.);
#4151 = LINE('',#4152,#4153);
#4152 = CARTESIAN_POINT('',(161.570711,94.5,0.));
#4153 = VECTOR('',#4154,1.);
#4154 = DIRECTION('',(0.,0.,1.));
#4155 = ORIENTED_EDGE('',*,*,#934,.F.);
#4156 = PLANE('',#4157);
#4157 = AXIS2_PLACEMENT_3D('',#4158,#4159,#4160);
#4158 = CARTESIAN_POINT('',(161.570711,100.9,0.));
#4159 = DIRECTION('',(1.,0.,0.));
#4160 = DIRECTION('',(0.,-1.,0.));
#4161 = ADVANCED_FACE('',(#4162),#4173,.T.);
#4162 = FACE_BOUND('',#4163,.T.);
#4163 = EDGE_LOOP('',(#4164,#4170,#4171,#4172));
#4164 = ORIENTED_EDGE('',*,*,#4165,.T.);
#4165 = EDGE_CURVE('',#911,#2130,#4166,.T.);
#4166 = LINE('',#4167,#4168);
#4167 = CARTESIAN_POINT('',(157.770711,85.1,0.));
#4168 = VECTOR('',#4169,1.);
#4169 = DIRECTION('',(0.,0.,1.));
#4170 = ORIENTED_EDGE('',*,*,#2129,.T.);
#4171 = ORIENTED_EDGE('',*,*,#4131,.F.);
#4172 = ORIENTED_EDGE('',*,*,#910,.F.);
#4173 = PLANE('',#4174);
#4174 = AXIS2_PLACEMENT_3D('',#4175,#4176,#4177);
#4175 = CARTESIAN_POINT('',(157.770711,85.1,0.));
#4176 = DIRECTION('',(0.,1.,0.));
#4177 = DIRECTION('',(1.,0.,0.));
#4178 = ADVANCED_FACE('',(#4179),#4190,.T.);
#4179 = FACE_BOUND('',#4180,.T.);
#4180 = EDGE_LOOP('',(#4181,#4182,#4183,#4189));
#4181 = ORIENTED_EDGE('',*,*,#4150,.T.);
#4182 = ORIENTED_EDGE('',*,*,#2145,.T.);
#4183 = ORIENTED_EDGE('',*,*,#4184,.F.);
#4184 = EDGE_CURVE('',#919,#2138,#4185,.T.);
#4185 = LINE('',#4186,#4187);
#4186 = CARTESIAN_POINT('',(157.770711,94.5,0.));
#4187 = VECTOR('',#4188,1.);
#4188 = DIRECTION('',(0.,0.,1.));
#4189 = ORIENTED_EDGE('',*,*,#926,.F.);
#4190 = PLANE('',#4191);
#4191 = AXIS2_PLACEMENT_3D('',#4192,#4193,#4194);
#4192 = CARTESIAN_POINT('',(161.570711,94.5,0.));
#4193 = DIRECTION('',(0.,-1.,0.));
#4194 = DIRECTION('',(-1.,0.,0.));
#4195 = ADVANCED_FACE('',(#4196),#4202,.T.);
#4196 = FACE_BOUND('',#4197,.T.);
#4197 = EDGE_LOOP('',(#4198,#4199,#4200,#4201));
#4198 = ORIENTED_EDGE('',*,*,#4184,.T.);
#4199 = ORIENTED_EDGE('',*,*,#2137,.T.);
#4200 = ORIENTED_EDGE('',*,*,#4165,.F.);
#4201 = ORIENTED_EDGE('',*,*,#918,.F.);
#4202 = PLANE('',#4203);
#4203 = AXIS2_PLACEMENT_3D('',#4204,#4205,#4206);
#4204 = CARTESIAN_POINT('',(157.770711,94.5,0.));
#4205 = DIRECTION('',(1.,0.,0.));
#4206 = DIRECTION('',(0.,-1.,0.));
#4207 = ADVANCED_FACE('',(#4208),#4224,.T.);
#4208 = FACE_BOUND('',#4209,.T.);
#4209 = EDGE_LOOP('',(#4210,#4216,#4217,#4223));
#4210 = ORIENTED_EDGE('',*,*,#4211,.T.);
#4211 = EDGE_CURVE('',#943,#2164,#4212,.T.);
#4212 = LINE('',#4213,#4214);
#4213 = CARTESIAN_POINT('',(217.870711,95.9,0.));
#4214 = VECTOR('',#4215,1.);
#4215 = DIRECTION('',(0.,0.,1.));
#4216 = ORIENTED_EDGE('',*,*,#2203,.T.);
#4217 = ORIENTED_EDGE('',*,*,#4218,.F.);
#4218 = EDGE_CURVE('',#945,#2196,#4219,.T.);
#4219 = LINE('',#4220,#4221);
#4220 = CARTESIAN_POINT('',(204.070711,95.9,0.));
#4221 = VECTOR('',#4222,1.);
#4222 = DIRECTION('',(0.,0.,1.));
#4223 = ORIENTED_EDGE('',*,*,#942,.F.);
#4224 = PLANE('',#4225);
#4225 = AXIS2_PLACEMENT_3D('',#4226,#4227,#4228);
#4226 = CARTESIAN_POINT('',(217.870711,95.9,0.));
#4227 = DIRECTION('',(0.,-1.,0.));
#4228 = DIRECTION('',(-1.,0.,0.));
#4229 = ADVANCED_FACE('',(#4230),#4241,.T.);
#4230 = FACE_BOUND('',#4231,.T.);
#4231 = EDGE_LOOP('',(#4232,#4233,#4234,#4240));
#4232 = ORIENTED_EDGE('',*,*,#4211,.F.);
#4233 = ORIENTED_EDGE('',*,*,#952,.T.);
#4234 = ORIENTED_EDGE('',*,*,#4235,.T.);
#4235 = EDGE_CURVE('',#953,#2162,#4236,.T.);
#4236 = LINE('',#4237,#4238);
#4237 = CARTESIAN_POINT('',(217.870711,80.1,0.));
#4238 = VECTOR('',#4239,1.);
#4239 = DIRECTION('',(0.,0.,1.));
#4240 = ORIENTED_EDGE('',*,*,#2161,.T.);
#4241 = PLANE('',#4242);
#4242 = AXIS2_PLACEMENT_3D('',#4243,#4244,#4245);
#4243 = CARTESIAN_POINT('',(217.870711,88.,0.95));
#4244 = DIRECTION('',(-1.,-0.,-0.));
#4245 = DIRECTION('',(0.,0.,-1.));
#4246 = ADVANCED_FACE('',(#4247),#4258,.T.);
#4247 = FACE_BOUND('',#4248,.T.);
#4248 = EDGE_LOOP('',(#4249,#4250,#4251,#4257));
#4249 = ORIENTED_EDGE('',*,*,#4218,.T.);
#4250 = ORIENTED_EDGE('',*,*,#2195,.T.);
#4251 = ORIENTED_EDGE('',*,*,#4252,.F.);
#4252 = EDGE_CURVE('',#977,#2188,#4253,.T.);
#4253 = LINE('',#4254,#4255);
#4254 = CARTESIAN_POINT('',(204.070711,89.5,0.));
#4255 = VECTOR('',#4256,1.);
#4256 = DIRECTION('',(0.,0.,1.));
#4257 = ORIENTED_EDGE('',*,*,#984,.F.);
#4258 = PLANE('',#4259);
#4259 = AXIS2_PLACEMENT_3D('',#4260,#4261,#4262);
#4260 = CARTESIAN_POINT('',(204.070711,95.9,0.));
#4261 = DIRECTION('',(1.,0.,0.));
#4262 = DIRECTION('',(0.,-1.,0.));
#4263 = ADVANCED_FACE('',(#4264),#4275,.T.);
#4264 = FACE_BOUND('',#4265,.T.);
#4265 = EDGE_LOOP('',(#4266,#4272,#4273,#4274));
#4266 = ORIENTED_EDGE('',*,*,#4267,.T.);
#4267 = EDGE_CURVE('',#961,#2172,#4268,.T.);
#4268 = LINE('',#4269,#4270);
#4269 = CARTESIAN_POINT('',(200.270711,80.1,0.));
#4270 = VECTOR('',#4271,1.);
#4271 = DIRECTION('',(0.,0.,1.));
#4272 = ORIENTED_EDGE('',*,*,#2171,.T.);
#4273 = ORIENTED_EDGE('',*,*,#4235,.F.);
#4274 = ORIENTED_EDGE('',*,*,#960,.F.);
#4275 = PLANE('',#4276);
#4276 = AXIS2_PLACEMENT_3D('',#4277,#4278,#4279);
#4277 = CARTESIAN_POINT('',(200.270711,80.1,0.));
#4278 = DIRECTION('',(0.,1.,0.));
#4279 = DIRECTION('',(1.,0.,0.));
#4280 = ADVANCED_FACE('',(#4281),#4292,.T.);
#4281 = FACE_BOUND('',#4282,.T.);
#4282 = EDGE_LOOP('',(#4283,#4284,#4285,#4291));
#4283 = ORIENTED_EDGE('',*,*,#4252,.T.);
#4284 = ORIENTED_EDGE('',*,*,#2187,.T.);
#4285 = ORIENTED_EDGE('',*,*,#4286,.F.);
#4286 = EDGE_CURVE('',#969,#2180,#4287,.T.);
#4287 = LINE('',#4288,#4289);
#4288 = CARTESIAN_POINT('',(200.270711,89.5,0.));
#4289 = VECTOR('',#4290,1.);
#4290 = DIRECTION('',(0.,0.,1.));
#4291 = ORIENTED_EDGE('',*,*,#976,.F.);
#4292 = PLANE('',#4293);
#4293 = AXIS2_PLACEMENT_3D('',#4294,#4295,#4296);
#4294 = CARTESIAN_POINT('',(204.070711,89.5,0.));
#4295 = DIRECTION('',(0.,-1.,0.));
#4296 = DIRECTION('',(-1.,0.,0.));
#4297 = ADVANCED_FACE('',(#4298),#4304,.T.);
#4298 = FACE_BOUND('',#4299,.T.);
#4299 = EDGE_LOOP('',(#4300,#4301,#4302,#4303));
#4300 = ORIENTED_EDGE('',*,*,#4286,.T.);
#4301 = ORIENTED_EDGE('',*,*,#2179,.T.);
#4302 = ORIENTED_EDGE('',*,*,#4267,.F.);
#4303 = ORIENTED_EDGE('',*,*,#968,.F.);
#4304 = PLANE('',#4305);
#4305 = AXIS2_PLACEMENT_3D('',#4306,#4307,#4308);
#4306 = CARTESIAN_POINT('',(200.270711,89.5,0.));
#4307 = DIRECTION('',(1.,0.,0.));
#4308 = DIRECTION('',(0.,-1.,0.));
#4309 = ADVANCED_FACE('',(#4310),#4326,.T.);
#4310 = FACE_BOUND('',#4311,.T.);
#4311 = EDGE_LOOP('',(#4312,#4318,#4319,#4325));
#4312 = ORIENTED_EDGE('',*,*,#4313,.T.);
#4313 = EDGE_CURVE('',#993,#2212,#4314,.T.);
#4314 = LINE('',#4315,#4316);
#4315 = CARTESIAN_POINT('',(151.370711,111.9,0.));
#4316 = VECTOR('',#4317,1.);
#4317 = DIRECTION('',(0.,0.,1.));
#4318 = ORIENTED_EDGE('',*,*,#2211,.T.);
#4319 = ORIENTED_EDGE('',*,*,#4320,.F.);
#4320 = EDGE_CURVE('',#995,#2214,#4321,.T.);
#4321 = LINE('',#4322,#4323);
#4322 = CARTESIAN_POINT('',(137.570711,111.9,0.));
#4323 = VECTOR('',#4324,1.);
#4324 = DIRECTION('',(0.,0.,1.));
#4325 = ORIENTED_EDGE('',*,*,#992,.F.);
#4326 = PLANE('',#4327);
#4327 = AXIS2_PLACEMENT_3D('',#4328,#4329,#4330);
#4328 = CARTESIAN_POINT('',(151.370711,111.9,0.));
#4329 = DIRECTION('',(0.,-1.,0.));
#4330 = DIRECTION('',(-1.,0.,0.));
#4331 = ADVANCED_FACE('',(#4332),#4343,.T.);
#4332 = FACE_BOUND('',#4333,.T.);
#4333 = EDGE_LOOP('',(#4334,#4340,#4341,#4342));
#4334 = ORIENTED_EDGE('',*,*,#4335,.T.);
#4335 = EDGE_CURVE('',#1003,#2222,#4336,.T.);
#4336 = LINE('',#4337,#4338);
#4337 = CARTESIAN_POINT('',(151.370711,96.1,0.));
#4338 = VECTOR('',#4339,1.);
#4339 = DIRECTION('',(0.,0.,1.));
#4340 = ORIENTED_EDGE('',*,*,#2221,.F.);
#4341 = ORIENTED_EDGE('',*,*,#4313,.F.);
#4342 = ORIENTED_EDGE('',*,*,#1002,.T.);
#4343 = PLANE('',#4344);
#4344 = AXIS2_PLACEMENT_3D('',#4345,#4346,#4347);
#4345 = CARTESIAN_POINT('',(151.370711,104.,0.95));
#4346 = DIRECTION('',(-1.,-0.,-0.));
#4347 = DIRECTION('',(0.,0.,-1.));
#4348 = ADVANCED_FACE('',(#4349),#4360,.T.);
#4349 = FACE_BOUND('',#4350,.T.);
#4350 = EDGE_LOOP('',(#4351,#4352,#4353,#4359));
#4351 = ORIENTED_EDGE('',*,*,#4320,.T.);
#4352 = ORIENTED_EDGE('',*,*,#2253,.T.);
#4353 = ORIENTED_EDGE('',*,*,#4354,.F.);
#4354 = EDGE_CURVE('',#1027,#2246,#4355,.T.);
#4355 = LINE('',#4356,#4357);
#4356 = CARTESIAN_POINT('',(137.570711,105.5,0.));
#4357 = VECTOR('',#4358,1.);
#4358 = DIRECTION('',(0.,0.,1.));
#4359 = ORIENTED_EDGE('',*,*,#1034,.F.);
#4360 = PLANE('',#4361);
#4361 = AXIS2_PLACEMENT_3D('',#4362,#4363,#4364);
#4362 = CARTESIAN_POINT('',(137.570711,111.9,0.));
#4363 = DIRECTION('',(1.,0.,0.));
#4364 = DIRECTION('',(0.,-1.,0.));
#4365 = ADVANCED_FACE('',(#4366),#4377,.T.);
#4366 = FACE_BOUND('',#4367,.T.);
#4367 = EDGE_LOOP('',(#4368,#4374,#4375,#4376));
#4368 = ORIENTED_EDGE('',*,*,#4369,.T.);
#4369 = EDGE_CURVE('',#1011,#2230,#4370,.T.);
#4370 = LINE('',#4371,#4372);
#4371 = CARTESIAN_POINT('',(133.770711,96.1,0.));
#4372 = VECTOR('',#4373,1.);
#4373 = DIRECTION('',(0.,0.,1.));
#4374 = ORIENTED_EDGE('',*,*,#2229,.T.);
#4375 = ORIENTED_EDGE('',*,*,#4335,.F.);
#4376 = ORIENTED_EDGE('',*,*,#1010,.F.);
#4377 = PLANE('',#4378);
#4378 = AXIS2_PLACEMENT_3D('',#4379,#4380,#4381);
#4379 = CARTESIAN_POINT('',(133.770711,96.1,0.));
#4380 = DIRECTION('',(0.,1.,0.));
#4381 = DIRECTION('',(1.,0.,0.));
#4382 = ADVANCED_FACE('',(#4383),#4394,.T.);
#4383 = FACE_BOUND('',#4384,.T.);
#4384 = EDGE_LOOP('',(#4385,#4386,#4387,#4393));
#4385 = ORIENTED_EDGE('',*,*,#4354,.T.);
#4386 = ORIENTED_EDGE('',*,*,#2245,.T.);
#4387 = ORIENTED_EDGE('',*,*,#4388,.F.);
#4388 = EDGE_CURVE('',#1019,#2238,#4389,.T.);
#4389 = LINE('',#4390,#4391);
#4390 = CARTESIAN_POINT('',(133.770711,105.5,0.));
#4391 = VECTOR('',#4392,1.);
#4392 = DIRECTION('',(0.,0.,1.));
#4393 = ORIENTED_EDGE('',*,*,#1026,.F.);
#4394 = PLANE('',#4395);
#4395 = AXIS2_PLACEMENT_3D('',#4396,#4397,#4398);
#4396 = CARTESIAN_POINT('',(137.570711,105.5,0.));
#4397 = DIRECTION('',(0.,-1.,0.));
#4398 = DIRECTION('',(-1.,0.,0.));
#4399 = ADVANCED_FACE('',(#4400),#4406,.T.);
#4400 = FACE_BOUND('',#4401,.T.);
#4401 = EDGE_LOOP('',(#4402,#4403,#4404,#4405));
#4402 = ORIENTED_EDGE('',*,*,#4388,.T.);
#4403 = ORIENTED_EDGE('',*,*,#2237,.T.);
#4404 = ORIENTED_EDGE('',*,*,#4369,.F.);
#4405 = ORIENTED_EDGE('',*,*,#1018,.F.);
#4406 = PLANE('',#4407);
#4407 = AXIS2_PLACEMENT_3D('',#4408,#4409,#4410);
#4408 = CARTESIAN_POINT('',(133.770711,105.5,0.));
#4409 = DIRECTION('',(1.,0.,0.));
#4410 = DIRECTION('',(0.,-1.,0.));
#4411 = ADVANCED_FACE('',(#4412),#4428,.T.);
#4412 = FACE_BOUND('',#4413,.T.);
#4413 = EDGE_LOOP('',(#4414,#4420,#4421,#4427));
#4414 = ORIENTED_EDGE('',*,*,#4415,.T.);
#4415 = EDGE_CURVE('',#1043,#2262,#4416,.T.);
#4416 = LINE('',#4417,#4418);
#4417 = CARTESIAN_POINT('',(170.370711,121.9,0.));
#4418 = VECTOR('',#4419,1.);
#4419 = DIRECTION('',(0.,0.,1.));
#4420 = ORIENTED_EDGE('',*,*,#2261,.T.);
#4421 = ORIENTED_EDGE('',*,*,#4422,.F.);
#4422 = EDGE_CURVE('',#1045,#2264,#4423,.T.);
#4423 = LINE('',#4424,#4425);
#4424 = CARTESIAN_POINT('',(156.570711,121.9,0.));
#4425 = VECTOR('',#4426,1.);
#4426 = DIRECTION('',(0.,0.,1.));
#4427 = ORIENTED_EDGE('',*,*,#1042,.F.);
#4428 = PLANE('',#4429);
#4429 = AXIS2_PLACEMENT_3D('',#4430,#4431,#4432);
#4430 = CARTESIAN_POINT('',(170.370711,121.9,0.));
#4431 = DIRECTION('',(0.,-1.,0.));
#4432 = DIRECTION('',(-1.,0.,0.));
#4433 = ADVANCED_FACE('',(#4434),#4445,.T.);
#4434 = FACE_BOUND('',#4435,.T.);
#4435 = EDGE_LOOP('',(#4436,#4442,#4443,#4444));
#4436 = ORIENTED_EDGE('',*,*,#4437,.T.);
#4437 = EDGE_CURVE('',#1053,#2272,#4438,.T.);
#4438 = LINE('',#4439,#4440);
#4439 = CARTESIAN_POINT('',(170.370711,106.1,0.));
#4440 = VECTOR('',#4441,1.);
#4441 = DIRECTION('',(0.,0.,1.));
#4442 = ORIENTED_EDGE('',*,*,#2271,.F.);
#4443 = ORIENTED_EDGE('',*,*,#4415,.F.);
#4444 = ORIENTED_EDGE('',*,*,#1052,.T.);
#4445 = PLANE('',#4446);
#4446 = AXIS2_PLACEMENT_3D('',#4447,#4448,#4449);
#4447 = CARTESIAN_POINT('',(170.370711,114.,0.95));
#4448 = DIRECTION('',(-1.,-0.,-0.));
#4449 = DIRECTION('',(0.,0.,-1.));
#4450 = ADVANCED_FACE('',(#4451),#4462,.T.);
#4451 = FACE_BOUND('',#4452,.T.);
#4452 = EDGE_LOOP('',(#4453,#4454,#4455,#4461));
#4453 = ORIENTED_EDGE('',*,*,#4422,.T.);
#4454 = ORIENTED_EDGE('',*,*,#2303,.T.);
#4455 = ORIENTED_EDGE('',*,*,#4456,.F.);
#4456 = EDGE_CURVE('',#1077,#2296,#4457,.T.);
#4457 = LINE('',#4458,#4459);
#4458 = CARTESIAN_POINT('',(156.570711,115.5,0.));
#4459 = VECTOR('',#4460,1.);
#4460 = DIRECTION('',(0.,0.,1.));
#4461 = ORIENTED_EDGE('',*,*,#1084,.F.);
#4462 = PLANE('',#4463);
#4463 = AXIS2_PLACEMENT_3D('',#4464,#4465,#4466);
#4464 = CARTESIAN_POINT('',(156.570711,121.9,0.));
#4465 = DIRECTION('',(1.,0.,0.));
#4466 = DIRECTION('',(0.,-1.,0.));
#4467 = ADVANCED_FACE('',(#4468),#4479,.T.);
#4468 = FACE_BOUND('',#4469,.T.);
#4469 = EDGE_LOOP('',(#4470,#4476,#4477,#4478));
#4470 = ORIENTED_EDGE('',*,*,#4471,.T.);
#4471 = EDGE_CURVE('',#1061,#2280,#4472,.T.);
#4472 = LINE('',#4473,#4474);
#4473 = CARTESIAN_POINT('',(152.770711,106.1,0.));
#4474 = VECTOR('',#4475,1.);
#4475 = DIRECTION('',(0.,0.,1.));
#4476 = ORIENTED_EDGE('',*,*,#2279,.T.);
#4477 = ORIENTED_EDGE('',*,*,#4437,.F.);
#4478 = ORIENTED_EDGE('',*,*,#1060,.F.);
#4479 = PLANE('',#4480);
#4480 = AXIS2_PLACEMENT_3D('',#4481,#4482,#4483);
#4481 = CARTESIAN_POINT('',(152.770711,106.1,0.));
#4482 = DIRECTION('',(0.,1.,0.));
#4483 = DIRECTION('',(1.,0.,0.));
#4484 = ADVANCED_FACE('',(#4485),#4496,.T.);
#4485 = FACE_BOUND('',#4486,.T.);
#4486 = EDGE_LOOP('',(#4487,#4488,#4489,#4495));
#4487 = ORIENTED_EDGE('',*,*,#4456,.T.);
#4488 = ORIENTED_EDGE('',*,*,#2295,.T.);
#4489 = ORIENTED_EDGE('',*,*,#4490,.F.);
#4490 = EDGE_CURVE('',#1069,#2288,#4491,.T.);
#4491 = LINE('',#4492,#4493);
#4492 = CARTESIAN_POINT('',(152.770711,115.5,0.));
#4493 = VECTOR('',#4494,1.);
#4494 = DIRECTION('',(0.,0.,1.));
#4495 = ORIENTED_EDGE('',*,*,#1076,.F.);
#4496 = PLANE('',#4497);
#4497 = AXIS2_PLACEMENT_3D('',#4498,#4499,#4500);
#4498 = CARTESIAN_POINT('',(156.570711,115.5,0.));
#4499 = DIRECTION('',(0.,-1.,0.));
#4500 = DIRECTION('',(-1.,0.,0.));
#4501 = ADVANCED_FACE('',(#4502),#4508,.T.);
#4502 = FACE_BOUND('',#4503,.T.);
#4503 = EDGE_LOOP('',(#4504,#4505,#4506,#4507));
#4504 = ORIENTED_EDGE('',*,*,#4490,.T.);
#4505 = ORIENTED_EDGE('',*,*,#2287,.T.);
#4506 = ORIENTED_EDGE('',*,*,#4471,.F.);
#4507 = ORIENTED_EDGE('',*,*,#1068,.F.);
#4508 = PLANE('',#4509);
#4509 = AXIS2_PLACEMENT_3D('',#4510,#4511,#4512);
#4510 = CARTESIAN_POINT('',(152.770711,115.5,0.));
#4511 = DIRECTION('',(1.,0.,0.));
#4512 = DIRECTION('',(0.,-1.,0.));
#4513 = ADVANCED_FACE('',(#4514),#4530,.T.);
#4514 = FACE_BOUND('',#4515,.T.);
#4515 = EDGE_LOOP('',(#4516,#4522,#4523,#4529));
#4516 = ORIENTED_EDGE('',*,*,#4517,.T.);
#4517 = EDGE_CURVE('',#1093,#2312,#4518,.T.);
#4518 = LINE('',#4519,#4520);
#4519 = CARTESIAN_POINT('',(183.070711,100.9,0.));
#4520 = VECTOR('',#4521,1.);
#4521 = DIRECTION('',(0.,0.,1.));
#4522 = ORIENTED_EDGE('',*,*,#2311,.T.);
#4523 = ORIENTED_EDGE('',*,*,#4524,.F.);
#4524 = EDGE_CURVE('',#1095,#2314,#4525,.T.);
#4525 = LINE('',#4526,#4527);
#4526 = CARTESIAN_POINT('',(183.070711,94.5,0.));
#4527 = VECTOR('',#4528,1.);
#4528 = DIRECTION('',(0.,0.,1.));
#4529 = ORIENTED_EDGE('',*,*,#1092,.F.);
#4530 = PLANE('',#4531);
#4531 = AXIS2_PLACEMENT_3D('',#4532,#4533,#4534);
#4532 = CARTESIAN_POINT('',(183.070711,100.9,0.));
#4533 = DIRECTION('',(1.,0.,0.));
#4534 = DIRECTION('',(0.,-1.,0.));
#4535 = ADVANCED_FACE('',(#4536),#4547,.F.);
#4536 = FACE_BOUND('',#4537,.F.);
#4537 = EDGE_LOOP('',(#4538,#4539,#4540,#4546));
#4538 = ORIENTED_EDGE('',*,*,#4517,.T.);
#4539 = ORIENTED_EDGE('',*,*,#2321,.T.);
#4540 = ORIENTED_EDGE('',*,*,#4541,.F.);
#4541 = EDGE_CURVE('',#1103,#2322,#4542,.T.);
#4542 = LINE('',#4543,#4544);
#4543 = CARTESIAN_POINT('',(195.270711,100.9,0.));
#4544 = VECTOR('',#4545,1.);
#4545 = DIRECTION('',(0.,0.,1.));
#4546 = ORIENTED_EDGE('',*,*,#1102,.F.);
#4547 = PLANE('',#4548);
#4548 = AXIS2_PLACEMENT_3D('',#4549,#4550,#4551);
#4549 = CARTESIAN_POINT('',(183.070711,100.9,0.));
#4550 = DIRECTION('',(0.,1.,0.));
#4551 = DIRECTION('',(1.,0.,0.));
#4552 = ADVANCED_FACE('',(#4553),#4564,.T.);
#4553 = FACE_BOUND('',#4554,.T.);
#4554 = EDGE_LOOP('',(#4555,#4556,#4557,#4563));
#4555 = ORIENTED_EDGE('',*,*,#4524,.T.);
#4556 = ORIENTED_EDGE('',*,*,#2401,.T.);
#4557 = ORIENTED_EDGE('',*,*,#4558,.F.);
#4558 = EDGE_CURVE('',#1175,#2394,#4559,.T.);
#4559 = LINE('',#4560,#4561);
#4560 = CARTESIAN_POINT('',(179.270711,94.5,0.));
#4561 = VECTOR('',#4562,1.);
#4562 = DIRECTION('',(0.,0.,1.));
#4563 = ORIENTED_EDGE('',*,*,#1182,.F.);
#4564 = PLANE('',#4565);
#4565 = AXIS2_PLACEMENT_3D('',#4566,#4567,#4568);
#4566 = CARTESIAN_POINT('',(183.070711,94.5,0.));
#4567 = DIRECTION('',(0.,-1.,0.));
#4568 = DIRECTION('',(-1.,0.,0.));
#4569 = ADVANCED_FACE('',(#4570),#4581,.T.);
#4570 = FACE_BOUND('',#4571,.T.);
#4571 = EDGE_LOOP('',(#4572,#4578,#4579,#4580));
#4572 = ORIENTED_EDGE('',*,*,#4573,.T.);
#4573 = EDGE_CURVE('',#1111,#2330,#4574,.T.);
#4574 = LINE('',#4575,#4576);
#4575 = CARTESIAN_POINT('',(195.270711,110.5,0.));
#4576 = VECTOR('',#4577,1.);
#4577 = DIRECTION('',(0.,0.,1.));
#4578 = ORIENTED_EDGE('',*,*,#2329,.T.);
#4579 = ORIENTED_EDGE('',*,*,#4541,.F.);
#4580 = ORIENTED_EDGE('',*,*,#1110,.F.);
#4581 = PLANE('',#4582);
#4582 = AXIS2_PLACEMENT_3D('',#4583,#4584,#4585);
#4583 = CARTESIAN_POINT('',(195.270711,105.7,0.95));
#4584 = DIRECTION('',(1.,0.,0.));
#4585 = DIRECTION('',(0.,0.,1.));
#4586 = ADVANCED_FACE('',(#4587),#4598,.T.);
#4587 = FACE_BOUND('',#4588,.T.);
#4588 = EDGE_LOOP('',(#4589,#4590,#4591,#4597));
#4589 = ORIENTED_EDGE('',*,*,#4558,.T.);
#4590 = ORIENTED_EDGE('',*,*,#2393,.T.);
#4591 = ORIENTED_EDGE('',*,*,#4592,.F.);
#4592 = EDGE_CURVE('',#1167,#2386,#4593,.T.);
#4593 = LINE('',#4594,#4595);
#4594 = CARTESIAN_POINT('',(179.270711,85.1,0.));
#4595 = VECTOR('',#4596,1.);
#4596 = DIRECTION('',(0.,0.,1.));
#4597 = ORIENTED_EDGE('',*,*,#1174,.F.);
#4598 = PLANE('',#4599);
#4599 = AXIS2_PLACEMENT_3D('',#4600,#4601,#4602);
#4600 = CARTESIAN_POINT('',(179.270711,94.5,0.));
#4601 = DIRECTION('',(1.,0.,0.));
#4602 = DIRECTION('',(0.,-1.,0.));
#4603 = ADVANCED_FACE('',(#4604),#4615,.T.);
#4604 = FACE_BOUND('',#4605,.T.);
#4605 = EDGE_LOOP('',(#4606,#4612,#4613,#4614));
#4606 = ORIENTED_EDGE('',*,*,#4607,.T.);
#4607 = EDGE_CURVE('',#1119,#2338,#4608,.T.);
#4608 = LINE('',#4609,#4610);
#4609 = CARTESIAN_POINT('',(199.070711,110.5,0.));
#4610 = VECTOR('',#4611,1.);
#4611 = DIRECTION('',(0.,0.,1.));
#4612 = ORIENTED_EDGE('',*,*,#2337,.T.);
#4613 = ORIENTED_EDGE('',*,*,#4573,.F.);
#4614 = ORIENTED_EDGE('',*,*,#1118,.F.);
#4615 = PLANE('',#4616);
#4616 = AXIS2_PLACEMENT_3D('',#4617,#4618,#4619);
#4617 = CARTESIAN_POINT('',(199.070711,110.5,0.));
#4618 = DIRECTION('',(0.,-1.,0.));
#4619 = DIRECTION('',(-1.,0.,0.));
#4620 = ADVANCED_FACE('',(#4621),#4632,.T.);
#4621 = FACE_BOUND('',#4622,.T.);
#4622 = EDGE_LOOP('',(#4623,#4624,#4625,#4631));
#4623 = ORIENTED_EDGE('',*,*,#4592,.T.);
#4624 = ORIENTED_EDGE('',*,*,#2385,.T.);
#4625 = ORIENTED_EDGE('',*,*,#4626,.F.);
#4626 = EDGE_CURVE('',#1159,#2378,#4627,.T.);
#4627 = LINE('',#4628,#4629);
#4628 = CARTESIAN_POINT('',(196.870711,85.1,0.));
#4629 = VECTOR('',#4630,1.);
#4630 = DIRECTION('',(0.,0.,1.));
#4631 = ORIENTED_EDGE('',*,*,#1166,.F.);
#4632 = PLANE('',#4633);
#4633 = AXIS2_PLACEMENT_3D('',#4634,#4635,#4636);
#4634 = CARTESIAN_POINT('',(179.270711,85.1,0.));
#4635 = DIRECTION('',(0.,1.,0.));
#4636 = DIRECTION('',(1.,0.,0.));
#4637 = ADVANCED_FACE('',(#4638),#4649,.T.);
#4638 = FACE_BOUND('',#4639,.T.);
#4639 = EDGE_LOOP('',(#4640,#4646,#4647,#4648));
#4640 = ORIENTED_EDGE('',*,*,#4641,.T.);
#4641 = EDGE_CURVE('',#1127,#2346,#4642,.T.);
#4642 = LINE('',#4643,#4644);
#4643 = CARTESIAN_POINT('',(199.070711,116.9,0.));
#4644 = VECTOR('',#4645,1.);
#4645 = DIRECTION('',(0.,0.,1.));
#4646 = ORIENTED_EDGE('',*,*,#2345,.T.);
#4647 = ORIENTED_EDGE('',*,*,#4607,.F.);
#4648 = ORIENTED_EDGE('',*,*,#1126,.F.);
#4649 = PLANE('',#4650);
#4650 = AXIS2_PLACEMENT_3D('',#4651,#4652,#4653);
#4651 = CARTESIAN_POINT('',(199.070711,116.9,0.));
#4652 = DIRECTION('',(1.,0.,0.));
#4653 = DIRECTION('',(0.,-1.,0.));
#4654 = ADVANCED_FACE('',(#4655),#4666,.T.);
#4655 = FACE_BOUND('',#4656,.T.);
#4656 = EDGE_LOOP('',(#4657,#4658,#4659,#4665));
#4657 = ORIENTED_EDGE('',*,*,#4626,.T.);
#4658 = ORIENTED_EDGE('',*,*,#2377,.T.);
#4659 = ORIENTED_EDGE('',*,*,#4660,.F.);
#4660 = EDGE_CURVE('',#1151,#2370,#4661,.T.);
#4661 = LINE('',#4662,#4663);
#4662 = CARTESIAN_POINT('',(196.870711,101.1,0.));
#4663 = VECTOR('',#4664,1.);
#4664 = DIRECTION('',(0.,0.,1.));
#4665 = ORIENTED_EDGE('',*,*,#1158,.T.);
#4666 = PLANE('',#4667);
#4667 = AXIS2_PLACEMENT_3D('',#4668,#4669,#4670);
#4668 = CARTESIAN_POINT('',(196.870711,93.1,0.95));
#4669 = DIRECTION('',(-1.,-0.,-0.));
#4670 = DIRECTION('',(0.,0.,-1.));
#4671 = ADVANCED_FACE('',(#4672),#4683,.T.);
#4672 = FACE_BOUND('',#4673,.T.);
#4673 = EDGE_LOOP('',(#4674,#4680,#4681,#4682));
#4674 = ORIENTED_EDGE('',*,*,#4675,.T.);
#4675 = EDGE_CURVE('',#1135,#2354,#4676,.T.);
#4676 = LINE('',#4677,#4678);
#4677 = CARTESIAN_POINT('',(212.870711,116.9,0.));
#4678 = VECTOR('',#4679,1.);
#4679 = DIRECTION('',(0.,0.,1.));
#4680 = ORIENTED_EDGE('',*,*,#2353,.T.);
#4681 = ORIENTED_EDGE('',*,*,#4641,.F.);
#4682 = ORIENTED_EDGE('',*,*,#1134,.F.);
#4683 = PLANE('',#4684);
#4684 = AXIS2_PLACEMENT_3D('',#4685,#4686,#4687);
#4685 = CARTESIAN_POINT('',(212.870711,116.9,0.));
#4686 = DIRECTION('',(0.,-1.,0.));
#4687 = DIRECTION('',(-1.,0.,0.));
#4688 = ADVANCED_FACE('',(#4689),#4700,.T.);
#4689 = FACE_BOUND('',#4690,.T.);
#4690 = EDGE_LOOP('',(#4691,#4692,#4693,#4699));
#4691 = ORIENTED_EDGE('',*,*,#4660,.T.);
#4692 = ORIENTED_EDGE('',*,*,#2369,.T.);
#4693 = ORIENTED_EDGE('',*,*,#4694,.F.);
#4694 = EDGE_CURVE('',#1143,#2362,#4695,.T.);
#4695 = LINE('',#4696,#4697);
#4696 = CARTESIAN_POINT('',(212.870711,101.1,0.));
#4697 = VECTOR('',#4698,1.);
#4698 = DIRECTION('',(0.,0.,1.));
#4699 = ORIENTED_EDGE('',*,*,#1150,.F.);
#4700 = PLANE('',#4701);
#4701 = AXIS2_PLACEMENT_3D('',#4702,#4703,#4704);
#4702 = CARTESIAN_POINT('',(196.870711,101.1,0.));
#4703 = DIRECTION('',(0.,1.,0.));
#4704 = DIRECTION('',(1.,0.,0.));
#4705 = ADVANCED_FACE('',(#4706),#4712,.T.);
#4706 = FACE_BOUND('',#4707,.T.);
#4707 = EDGE_LOOP('',(#4708,#4709,#4710,#4711));
#4708 = ORIENTED_EDGE('',*,*,#4694,.T.);
#4709 = ORIENTED_EDGE('',*,*,#2361,.F.);
#4710 = ORIENTED_EDGE('',*,*,#4675,.F.);
#4711 = ORIENTED_EDGE('',*,*,#1142,.T.);
#4712 = PLANE('',#4713);
#4713 = AXIS2_PLACEMENT_3D('',#4714,#4715,#4716);
#4714 = CARTESIAN_POINT('',(212.870711,109.,0.95));
#4715 = DIRECTION('',(-1.,-0.,-0.));
#4716 = DIRECTION('',(0.,0.,-1.));
#4717 = ADVANCED_FACE('',(#4718),#4734,.T.);
#4718 = FACE_BOUND('',#4719,.T.);
#4719 = EDGE_LOOP('',(#4720,#4726,#4727,#4733));
#4720 = ORIENTED_EDGE('',*,*,#4721,.T.);
#4721 = EDGE_CURVE('',#1191,#2410,#4722,.T.);
#4722 = LINE('',#4723,#4724);
#4723 = CARTESIAN_POINT('',(191.870711,121.9,0.));
#4724 = VECTOR('',#4725,1.);
#4725 = DIRECTION('',(0.,0.,1.));
#4726 = ORIENTED_EDGE('',*,*,#2409,.T.);
#4727 = ORIENTED_EDGE('',*,*,#4728,.F.);
#4728 = EDGE_CURVE('',#1193,#2412,#4729,.T.);
#4729 = LINE('',#4730,#4731);
#4730 = CARTESIAN_POINT('',(178.070711,121.9,0.));
#4731 = VECTOR('',#4732,1.);
#4732 = DIRECTION('',(0.,0.,1.));
#4733 = ORIENTED_EDGE('',*,*,#1190,.F.);
#4734 = PLANE('',#4735);
#4735 = AXIS2_PLACEMENT_3D('',#4736,#4737,#4738);
#4736 = CARTESIAN_POINT('',(191.870711,121.9,0.));
#4737 = DIRECTION('',(0.,-1.,0.));
#4738 = DIRECTION('',(-1.,0.,0.));
#4739 = ADVANCED_FACE('',(#4740),#4751,.T.);
#4740 = FACE_BOUND('',#4741,.T.);
#4741 = EDGE_LOOP('',(#4742,#4748,#4749,#4750));
#4742 = ORIENTED_EDGE('',*,*,#4743,.T.);
#4743 = EDGE_CURVE('',#1201,#2420,#4744,.T.);
#4744 = LINE('',#4745,#4746);
#4745 = CARTESIAN_POINT('',(191.870711,106.1,0.));
#4746 = VECTOR('',#4747,1.);
#4747 = DIRECTION('',(0.,0.,1.));
#4748 = ORIENTED_EDGE('',*,*,#2419,.F.);
#4749 = ORIENTED_EDGE('',*,*,#4721,.F.);
#4750 = ORIENTED_EDGE('',*,*,#1200,.T.);
#4751 = PLANE('',#4752);
#4752 = AXIS2_PLACEMENT_3D('',#4753,#4754,#4755);
#4753 = CARTESIAN_POINT('',(191.870711,114.,0.95));
#4754 = DIRECTION('',(-1.,-0.,-0.));
#4755 = DIRECTION('',(0.,0.,-1.));
#4756 = ADVANCED_FACE('',(#4757),#4768,.T.);
#4757 = FACE_BOUND('',#4758,.T.);
#4758 = EDGE_LOOP('',(#4759,#4760,#4761,#4767));
#4759 = ORIENTED_EDGE('',*,*,#4728,.T.);
#4760 = ORIENTED_EDGE('',*,*,#2451,.T.);
#4761 = ORIENTED_EDGE('',*,*,#4762,.F.);
#4762 = EDGE_CURVE('',#1225,#2444,#4763,.T.);
#4763 = LINE('',#4764,#4765);
#4764 = CARTESIAN_POINT('',(178.070711,115.5,0.));
#4765 = VECTOR('',#4766,1.);
#4766 = DIRECTION('',(0.,0.,1.));
#4767 = ORIENTED_EDGE('',*,*,#1232,.F.);
#4768 = PLANE('',#4769);
#4769 = AXIS2_PLACEMENT_3D('',#4770,#4771,#4772);
#4770 = CARTESIAN_POINT('',(178.070711,121.9,0.));
#4771 = DIRECTION('',(1.,0.,0.));
#4772 = DIRECTION('',(0.,-1.,0.));
#4773 = ADVANCED_FACE('',(#4774),#4785,.T.);
#4774 = FACE_BOUND('',#4775,.T.);
#4775 = EDGE_LOOP('',(#4776,#4782,#4783,#4784));
#4776 = ORIENTED_EDGE('',*,*,#4777,.T.);
#4777 = EDGE_CURVE('',#1209,#2428,#4778,.T.);
#4778 = LINE('',#4779,#4780);
#4779 = CARTESIAN_POINT('',(174.270711,106.1,0.));
#4780 = VECTOR('',#4781,1.);
#4781 = DIRECTION('',(0.,0.,1.));
#4782 = ORIENTED_EDGE('',*,*,#2427,.T.);
#4783 = ORIENTED_EDGE('',*,*,#4743,.F.);
#4784 = ORIENTED_EDGE('',*,*,#1208,.F.);
#4785 = PLANE('',#4786);
#4786 = AXIS2_PLACEMENT_3D('',#4787,#4788,#4789);
#4787 = CARTESIAN_POINT('',(174.270711,106.1,0.));
#4788 = DIRECTION('',(0.,1.,0.));
#4789 = DIRECTION('',(1.,0.,0.));
#4790 = ADVANCED_FACE('',(#4791),#4802,.T.);
#4791 = FACE_BOUND('',#4792,.T.);
#4792 = EDGE_LOOP('',(#4793,#4794,#4795,#4801));
#4793 = ORIENTED_EDGE('',*,*,#4762,.T.);
#4794 = ORIENTED_EDGE('',*,*,#2443,.T.);
#4795 = ORIENTED_EDGE('',*,*,#4796,.F.);
#4796 = EDGE_CURVE('',#1217,#2436,#4797,.T.);
#4797 = LINE('',#4798,#4799);
#4798 = CARTESIAN_POINT('',(174.270711,115.5,0.));
#4799 = VECTOR('',#4800,1.);
#4800 = DIRECTION('',(0.,0.,1.));
#4801 = ORIENTED_EDGE('',*,*,#1224,.F.);
#4802 = PLANE('',#4803);
#4803 = AXIS2_PLACEMENT_3D('',#4804,#4805,#4806);
#4804 = CARTESIAN_POINT('',(178.070711,115.5,0.));
#4805 = DIRECTION('',(0.,-1.,0.));
#4806 = DIRECTION('',(-1.,0.,0.));
#4807 = ADVANCED_FACE('',(#4808),#4814,.T.);
#4808 = FACE_BOUND('',#4809,.T.);
#4809 = EDGE_LOOP('',(#4810,#4811,#4812,#4813));
#4810 = ORIENTED_EDGE('',*,*,#4796,.T.);
#4811 = ORIENTED_EDGE('',*,*,#2435,.T.);
#4812 = ORIENTED_EDGE('',*,*,#4777,.F.);
#4813 = ORIENTED_EDGE('',*,*,#1216,.F.);
#4814 = PLANE('',#4815);
#4815 = AXIS2_PLACEMENT_3D('',#4816,#4817,#4818);
#4816 = CARTESIAN_POINT('',(174.270711,115.5,0.));
#4817 = DIRECTION('',(1.,0.,0.));
#4818 = DIRECTION('',(0.,-1.,0.));
#4819 = ( GEOMETRIC_REPRESENTATION_CONTEXT(3) 
GLOBAL_UNCERTAINTY_ASSIGNED_CONTEXT((#4823)) 
GLOBAL_UNIT_ASSIGNED_CONTEXT((#4820,#4821,#4822)) REPRESENTATION_CONTEXT
('Context #1','3D Context with UNIT and UNCERTAINTY') );
#4820 = ( LENGTH_UNIT() NAMED_UNIT(*) SI_UNIT(.MILLI.,.METRE.) );
#4821 = ( NAMED_UNIT(*) PLANE_ANGLE_UNIT() SI_UNIT($,.RADIAN.) );
#4822 = ( NAMED_UNIT(*) SI_UNIT($,.STERADIAN.) SOLID_ANGLE_UNIT() );
#4823 = UNCERTAINTY_MEASURE_WITH_UNIT(LENGTH_MEASURE(1.E-07),#4820,
  'distance_accuracy_value','confusion accuracy');
#4824 = PRODUCT_RELATED_PRODUCT_CATEGORY('part',$,(#7));
#4825 = MECHANICAL_DESIGN_GEOMETRIC_PRESENTATION_REPRESENTATION('',(
    #4826),#4819);
#4826 = STYLED_ITEM('color',(#4827),#15);
#4827 = PRESENTATION_STYLE_ASSIGNMENT((#4828,#4834));
#4828 = SURFACE_STYLE_USAGE(.BOTH.,#4829);
#4829 = SURFACE_SIDE_STYLE('',(#4830));
#4830 = SURFACE_STYLE_FILL_AREA(#4831);
#4831 = FILL_AREA_STYLE('',(#4832));
#4832 = FILL_AREA_STYLE_COLOUR('',#4833);
#4833 = COLOUR_RGB('',0.447058818107,0.474509808674,0.501960817233);
#4834 = CURVE_STYLE('',#4835,POSITIVE_LENGTH_MEASURE(0.1),#4836);
#4835 = DRAUGHTING_PRE_DEFINED_CURVE_FONT('continuous');
#4836 = COLOUR_RGB('',9.803921802644E-02,9.803921802644E-02,
  9.803921802644E-02);
ENDSEC;
END-ISO-10303-21;
